Scheme Code,Division Code,Division Description,Treasury Code,Treasury,Grant Number,Grant Head Description,Major Head Code,Major Head Description,Scheme Code Description,Standard Object Code,Standard Object Description,Plan / Non-Plan,Voted / Charged,fiscal_year,Progressive Allotment,Actual Progressive Expenditure upto month (October),Provisional Current Month Expenditure(November),Total Expenditure Upto Month (November),% A/E,overall expenditure,excess
4202012010400,800.0,AGRA,8.0,AGRA,71,शिक्षा विभाग (प्राथमिक शिक्षा),4202,,बेसिक शिक्षा परिषद द्वारा संचालित प्राथमिक एवं उच्च प्राथमिक विद्यालयों में अवस्थापना सुविधाओं का विकास,24,वृहत् निर्माण कार्य,N,V,2018-2019,19983000,0.0,0,0.0,0.0,0.0,0.0
4202012033300,800.0,AGRA,78.0,HATHRAS,73,शिक्षा विभाग (उच्च शिक्षा),4202,,राजकीय उपाधि महाविद्यालय,25,लघु निर्माण कार्य,N,V,2018-2019,100000,99894.0,0,99894.0,99.89,99894.0,106.0
4202012033300,800.0,AGRA,68.0,FIROZABAD,73,शिक्षा विभाग (उच्च शिक्षा),4202,,राजकीय उपाधि महाविद्यालय,25,लघु निर्माण कार्य,N,V,2018-2019,100000,100000.0,0,100000.0,100.0,100000.0,0.0
4202012033300,800.0,AGRA,6.0,ALIGARH,73,शिक्षा विभाग (उच्च शिक्षा),4202,,राजकीय उपाधि महाविद्यालय,25,लघु निर्माण कार्य,N,V,2018-2019,300000,299990.0,0,299990.0,100.0,299990.0,10.0
4202012033300,800.0,AGRA,8.0,AGRA,73,शिक्षा विभाग (उच्च शिक्षा),4202,,राजकीय उपाधि महाविद्यालय,25,लघु निर्माण कार्य,N,V,2018-2019,100000,100000.0,0,100000.0,100.0,100000.0,0.0
4202012022700,800.0,AGRA,9.0,MAINPURI,72,शिक्षा विभाग (माध्यमिक शिक्षा),4202,,सैनिक स्कूलों की स्थापना,24,वृहत् निर्माण कार्य,N,V,2018-2019,100000000,100000000.0,0,100000000.0,100.0,100000000.0,0.0
4202012021700,800.0,AGRA,88.0,KANSHI RAM NAGAR,72,शिक्षा विभाग (माध्यमिक शिक्षा),4202,,राजकीय इण्टर कालेज की स्थापना,24,वृहत् निर्माण कार्य,N,V,2018-2019,6135000,6135000.0,0,6135000.0,100.0,6135000.0,0.0
4202012021700,800.0,AGRA,68.0,FIROZABAD,72,शिक्षा विभाग (माध्यमिक शिक्षा),4202,,राजकीय इण्टर कालेज की स्थापना,24,वृहत् निर्माण कार्य,N,V,2018-2019,6135000,6135000.0,0,6135000.0,100.0,6135000.0,0.0
4202012021700,800.0,AGRA,6.0,ALIGARH,72,शिक्षा विभाग (माध्यमिक शिक्षा),4202,,राजकीय इण्टर कालेज की स्थापना,24,वृहत् निर्माण कार्य,N,V,2018-2019,6135000,6135000.0,0,6135000.0,100.0,6135000.0,0.0
4202012021700,800.0,AGRA,8.0,AGRA,72,शिक्षा विभाग (माध्यमिक शिक्षा),4202,,राजकीय इण्टर कालेज की स्थापना,24,वृहत् निर्माण कार्य,N,V,2018-2019,6135000,6135000.0,0,6135000.0,100.0,6135000.0,0.0
4202012033300,800.0,AGRA,9.0,MAINPURI,73,शिक्षा विभाग (उच्च शिक्षा),4202,,राजकीय उपाधि महाविद्यालय,25,लघु निर्माण कार्य,N,V,2018-2019,100000,100000.0,0,100000.0,100.0,100000.0,0.0
4202012010900,800.0,AGRA,8.0,AGRA,71,शिक्षा विभाग (प्राथमिक शिक्षा),4202,,मध्याह्न भोजन हेतु किचेन निर्माण,24,वृहत् निर्माण कार्य,N,V,2018-2019,25000000,25000000.0,0,25000000.0,100.0,25000000.0,0.0
4202012010400,800.0,AGRA,7.0,MATHURA,71,शिक्षा विभाग (प्राथमिक शिक्षा),4202,,बेसिक शिक्षा परिषद द्वारा संचालित प्राथमिक एवं उच्च प्राथमिक विद्यालयों में अवस्थापना सुविधाओं का विकास,24,वृहत् निर्माण कार्य,N,V,2018-2019,9345000,5475000.0,0,5475000.0,58.59,5475000.0,3870000.0
4202012010400,800.0,AGRA,9.0,MAINPURI,71,शिक्षा विभाग (प्राथमिक शिक्षा),4202,,बेसिक शिक्षा परिषद द्वारा संचालित प्राथमिक एवं उच्च प्राथमिक विद्यालयों में अवस्थापना सुविधाओं का विकास,24,वृहत् निर्माण कार्य,N,V,2018-2019,11991000,7329000.0,0,7329000.0,61.12,7329000.0,4662000.0
4202012010400,800.0,AGRA,88.0,KANSHI RAM NAGAR,71,शिक्षा विभाग (प्राथमिक शिक्षा),4202,,बेसिक शिक्षा परिषद द्वारा संचालित प्राथमिक एवं उच्च प्राथमिक विद्यालयों में अवस्थापना सुविधाओं का विकास,24,वृहत् निर्माण कार्य,N,V,2018-2019,9903000,9903000.0,0,9903000.0,100.0,9903000.0,0.0
4202012010400,800.0,AGRA,78.0,HATHRAS,71,शिक्षा विभाग (प्राथमिक शिक्षा),4202,,बेसिक शिक्षा परिषद द्वारा संचालित प्राथमिक एवं उच्च प्राथमिक विद्यालयों में अवस्थापना सुविधाओं का विकास,24,वृहत् निर्माण कार्य,N,V,2018-2019,19743000,19033000.0,0,19033000.0,96.4,19033000.0,710000.0
4202012010400,800.0,AGRA,68.0,FIROZABAD,71,शिक्षा विभाग (प्राथमिक शिक्षा),4202,,बेसिक शिक्षा परिषद द्वारा संचालित प्राथमिक एवं उच्च प्राथमिक विद्यालयों में अवस्थापना सुविधाओं का विकास,24,वृहत् निर्माण कार्य,N,V,2018-2019,17499000,13602000.0,0,13602000.0,77.73,13602000.0,3897000.0
4202012010400,800.0,AGRA,10.0,ETAH,71,शिक्षा विभाग (प्राथमिक शिक्षा),4202,,बेसिक शिक्षा परिषद द्वारा संचालित प्राथमिक एवं उच्च प्राथमिक विद्यालयों में अवस्थापना सुविधाओं का विकास,24,वृहत् निर्माण कार्य,N,V,2018-2019,19461000,11415000.0,0,11415000.0,58.66,11415000.0,8046000.0
4202012010400,800.0,AGRA,6.0,ALIGARH,71,शिक्षा विभाग (प्राथमिक शिक्षा),4202,,बेसिक शिक्षा परिषद द्वारा संचालित प्राथमिक एवं उच्च प्राथमिक विद्यालयों में अवस्थापना सुविधाओं का विकास,24,वृहत् निर्माण कार्य,N,V,2018-2019,32505000,32505000.0,0,32505000.0,100.0,32505000.0,0.0
4202012021600,800.0,AGRA,9.0,MAINPURI,72,शिक्षा विभाग (माध्यमिक शिक्षा),4202,,वर्तमान जिला राजकीय पुस्तकालय,25,लघु निर्माण कार्य,N,V,2018-2019,0,495000.0,0,495000.0,0.0,495000.0,-495000.0
4202012033300,2200.0,ALLAHABAD,53.0,PRATAPGARH,73,शिक्षा विभाग (उच्च शिक्षा),4202,,राजकीय उपाधि महाविद्यालय,25,लघु निर्माण कार्य,N,V,2018-2019,200000,199800.0,0,199800.0,99.9,199800.0,200.0
4202012033100,2200.0,ALLAHABAD,64.0,ALLAHABAD II,73,शिक्षा विभाग (उच्च शिक्षा),4202,,जनपद इलाहाबाद में राज्य विश्वविद्यालय की स्थापना,24,वृहत् निर्माण कार्य,N,V,2018-2019,189395000,189395000.0,0,189395000.0,100.0,189395000.0,0.0
4202018000300,2200.0,ALLAHABAD,64.0,ALLAHABAD II,73,शिक्षा विभाग (उच्च शिक्षा),4202,,"पब्लिक लाईब्रेरी,इलाहाबाद",25,लघु निर्माण कार्य,N,V,2018-2019,150000,150000.0,0,150000.0,100.0,150000.0,0.0
4202012021700,2200.0,ALLAHABAD,22.0,ALLAHABAD,72,शिक्षा विभाग (माध्यमिक शिक्षा),4202,,राजकीय इण्टर कालेज की स्थापना,24,वृहत् निर्माण कार्य,N,V,2018-2019,6135000,6135000.0,0,6135000.0,100.0,6135000.0,0.0
4202012021700,2200.0,ALLAHABAD,53.0,PRATAPGARH,72,शिक्षा विभाग (माध्यमिक शिक्षा),4202,,राजकीय इण्टर कालेज की स्थापना,24,वृहत् निर्माण कार्य,N,V,2018-2019,12270000,12270000.0,0,12270000.0,100.0,12270000.0,0.0
4202012033300,2200.0,ALLAHABAD,21.0,FATEHPUR,73,शिक्षा विभाग (उच्च शिक्षा),4202,,राजकीय उपाधि महाविद्यालय,25,लघु निर्माण कार्य,N,V,2018-2019,300000,300000.0,0,300000.0,100.0,300000.0,0.0
4202012020900,2200.0,ALLAHABAD,64.0,ALLAHABAD II,72,शिक्षा विभाग (माध्यमिक शिक्षा),4202,,माध्यमिक शिक्षा निदेशालय का अधिष्ठान,25,लघु निर्माण कार्य,N,V,2018-2019,299153,299153.0,0,299153.0,100.0,299153.0,0.0
4202012033200,2200.0,ALLAHABAD,64.0,ALLAHABAD II,73,शिक्षा विभाग (उच्च शिक्षा),4202,,उच्च शिक्षा निदेशालय,25,लघु निर्माण कार्य,N,V,2018-2019,200000,198968.0,0,198968.0,99.48,198968.0,1032.0
4202012030500,2200.0,ALLAHABAD,64.0,ALLAHABAD II,73,शिक्षा विभाग (उच्च शिक्षा),4202,,कतिपय राजकीय महाविद्यालय़ों के निर्माणाधीन भवनों को पूर्ण किया जाना,24,वृहत् निर्माण कार्य,N,V,2018-2019,250000000,250000000.0,0,250000000.0,100.0,250000000.0,0.0
4202012030900,2200.0,ALLAHABAD,64.0,ALLAHABAD II,73,शिक्षा विभाग (उच्च शिक्षा),4202,,"राजकीय महाविद्यालयों के भवनों का निर्माण, विस्तार एवं विद्युतीकरण",24,वृहत् निर्माण कार्य,N,V,2018-2019,20000000,20000000.0,0,20000000.0,100.0,20000000.0,0.0
4202012030400,2200.0,ALLAHABAD,64.0,ALLAHABAD II,73,शिक्षा विभाग (उच्च शिक्षा),4202,,नये राजकीय महाविद्यालयो की स्थापना,24,वृहत् निर्माण कार्य,N,V,2018-2019,192000000,192000000.0,0,192000000.0,100.0,192000000.0,0.0
4202012010400,2200.0,ALLAHABAD,53.0,PRATAPGARH,71,शिक्षा विभाग (प्राथमिक शिक्षा),4202,,बेसिक शिक्षा परिषद द्वारा संचालित प्राथमिक एवं उच्च प्राथमिक विद्यालयों में अवस्थापना सुविधाओं का विकास,24,वृहत् निर्माण कार्य,N,V,2018-2019,20386875,20071875.0,0,20071875.0,98.45,20071875.0,315000.0
4202012010400,2200.0,ALLAHABAD,82.0,KAUSHAMBI,71,शिक्षा विभाग (प्राथमिक शिक्षा),4202,,बेसिक शिक्षा परिषद द्वारा संचालित प्राथमिक एवं उच्च प्राथमिक विद्यालयों में अवस्थापना सुविधाओं का विकास,24,वृहत् निर्माण कार्य,N,V,2018-2019,6885000,6885000.0,0,6885000.0,100.0,6885000.0,0.0
4202012010400,2200.0,ALLAHABAD,21.0,FATEHPUR,71,शिक्षा विभाग (प्राथमिक शिक्षा),4202,,बेसिक शिक्षा परिषद द्वारा संचालित प्राथमिक एवं उच्च प्राथमिक विद्यालयों में अवस्थापना सुविधाओं का विकास,24,वृहत् निर्माण कार्य,N,V,2018-2019,41598000,35382000.0,0,35382000.0,85.06,35382000.0,6216000.0
4202012010400,2200.0,ALLAHABAD,64.0,ALLAHABAD II,71,शिक्षा विभाग (प्राथमिक शिक्षा),4202,,बेसिक शिक्षा परिषद द्वारा संचालित प्राथमिक एवं उच्च प्राथमिक विद्यालयों में अवस्थापना सुविधाओं का विकास,24,वृहत् निर्माण कार्य,N,V,2018-2019,59707500,52368900.0,0,52368900.0,87.71,52368900.0,7338600.0
4202012031500,2200.0,ALLAHABAD,64.0,ALLAHABAD II,73,शिक्षा विभाग (उच्च शिक्षा),4202,,राजकीय महाविद्यालयों में आधारभूत सुविधाओं हेतु व्यवस्था,26,मशीनें और सज्जा /उपकरण और संयंत्र,N,V,2018-2019,15840000,15840000.0,0,15840000.0,100.0,15840000.0,0.0
4202012033300,3400.0,AZAMGARH,66.0,MAU,73,शिक्षा विभाग (उच्च शिक्षा),4202,,राजकीय उपाधि महाविद्यालय,25,लघु निर्माण कार्य,N,V,2018-2019,200000,199998.0,0,199998.0,100.0,199998.0,2.0
4202012033300,3400.0,AZAMGARH,34.0,AZAMGARH,73,शिक्षा विभाग (उच्च शिक्षा),4202,,राजकीय उपाधि महाविद्यालय,25,लघु निर्माण कार्य,N,V,2018-2019,100000,100000.0,0,100000.0,100.0,100000.0,0.0
4202012031200,3400.0,AZAMGARH,31.0,BALLIA,73,शिक्षा विभाग (उच्च शिक्षा),4202,,बलिया में राज्य विश्वविद्यालय की स्थापना,24,वृहत् निर्माण कार्य,N,V,2018-2019,24492000,24492000.0,0,24492000.0,100.0,24492000.0,0.0
4202012010400,3400.0,AZAMGARH,31.0,BALLIA,71,शिक्षा विभाग (प्राथमिक शिक्षा),4202,,बेसिक शिक्षा परिषद द्वारा संचालित प्राथमिक एवं उच्च प्राथमिक विद्यालयों में अवस्थापना सुविधाओं का विकास,24,वृहत् निर्माण कार्य,N,V,2018-2019,29355000,28926000.0,0,28926000.0,98.54,28926000.0,429000.0
4202012020500,3400.0,AZAMGARH,31.0,BALLIA,72,शिक्षा विभाग (माध्यमिक शिक्षा),4202,,"राजकीय उ.मा.विद्यालयों का भवन निर्माण, विस्तार, विद्युतीकरण एवं भूमि/भवन क्रय (जिला योजना)",24,वृहत् निर्माण कार्य,N,V,2018-2019,5923000,5923000.0,0,5923000.0,100.0,5923000.0,0.0
4202012021700,3400.0,AZAMGARH,31.0,BALLIA,72,शिक्षा विभाग (माध्यमिक शिक्षा),4202,,राजकीय इण्टर कालेज की स्थापना,24,वृहत् निर्माण कार्य,N,V,2018-2019,12270000,12270000.0,0,12270000.0,100.0,12270000.0,0.0
4202012010400,3400.0,AZAMGARH,34.0,AZAMGARH,71,शिक्षा विभाग (प्राथमिक शिक्षा),4202,,बेसिक शिक्षा परिषद द्वारा संचालित प्राथमिक एवं उच्च प्राथमिक विद्यालयों में अवस्थापना सुविधाओं का विकास,24,वृहत् निर्माण कार्य,N,V,2018-2019,60883500,54862500.0,0,54862500.0,90.11,54862500.0,6021000.0
4202012010400,3400.0,AZAMGARH,66.0,MAU,71,शिक्षा विभाग (प्राथमिक शिक्षा),4202,,बेसिक शिक्षा परिषद द्वारा संचालित प्राथमिक एवं उच्च प्राथमिक विद्यालयों में अवस्थापना सुविधाओं का विकास,24,वृहत् निर्माण कार्य,N,V,2018-2019,20896500,11413500.0,0,11413500.0,54.62,11413500.0,9483000.0
4202012020400,3400.0,AZAMGARH,34.0,AZAMGARH,72,शिक्षा विभाग (माध्यमिक शिक्षा),4202,,राजकीय उच्चतर माध्यमिक विद्यालयों की स्थापना,24,वृहत् निर्माण कार्य,N,V,2018-2019,10182000,10182000.0,0,10182000.0,100.0,10182000.0,0.0
4202012033300,2600.0,BANDA,71.0,MAHOBA,73,शिक्षा विभाग (उच्च शिक्षा),4202,,राजकीय उपाधि महाविद्यालय,25,लघु निर्माण कार्य,N,V,2018-2019,200000,200000.0,0,200000.0,100.0,200000.0,0.0
4202012010400,2600.0,BANDA,71.0,MAHOBA,71,शिक्षा विभाग (प्राथमिक शिक्षा),4202,,बेसिक शिक्षा परिषद द्वारा संचालित प्राथमिक एवं उच्च प्राथमिक विद्यालयों में अवस्थापना सुविधाओं का विकास,24,वृहत् निर्माण कार्य,N,V,2018-2019,7554000,456000.0,0,456000.0,6.04,456000.0,7098000.0
4202012010400,2600.0,BANDA,25.0,SADAR TRY-HMRPR,71,शिक्षा विभाग (प्राथमिक शिक्षा),4202,,बेसिक शिक्षा परिषद द्वारा संचालित प्राथमिक एवं उच्च प्राथमिक विद्यालयों में अवस्थापना सुविधाओं का विकास,24,वृहत् निर्माण कार्य,N,V,2018-2019,3199500,462000.0,0,462000.0,14.44,462000.0,2737500.0
4202012010400,2600.0,BANDA,87.0,CHITRAKOOT,71,शिक्षा विभाग (प्राथमिक शिक्षा),4202,,बेसिक शिक्षा परिषद द्वारा संचालित प्राथमिक एवं उच्च प्राथमिक विद्यालयों में अवस्थापना सुविधाओं का विकास,24,वृहत् निर्माण कार्य,N,V,2018-2019,29703000,0.0,0,0.0,0.0,0.0,0.0
4202012020400,2600.0,BANDA,26.0,BANDA,72,शिक्षा विभाग (माध्यमिक शिक्षा),4202,,राजकीय उच्चतर माध्यमिक विद्यालयों की स्थापना,24,वृहत् निर्माण कार्य,N,V,2018-2019,10000000,10000000.0,0,10000000.0,100.0,10000000.0,0.0
4202012020400,2600.0,BANDA,71.0,MAHOBA,72,शिक्षा विभाग (माध्यमिक शिक्षा),4202,,राजकीय उच्चतर माध्यमिक विद्यालयों की स्थापना,24,वृहत् निर्माण कार्य,N,V,2018-2019,14303000,14303000.0,0,14303000.0,100.0,14303000.0,0.0
4202012010400,2600.0,BANDA,26.0,BANDA,71,शिक्षा विभाग (प्राथमिक शिक्षा),4202,,बेसिक शिक्षा परिषद द्वारा संचालित प्राथमिक एवं उच्च प्राथमिक विद्यालयों में अवस्थापना सुविधाओं का विकास,24,वृहत् निर्माण कार्य,N,V,2018-2019,33556500,27823500.0,0,27823500.0,82.92,27823500.0,5733000.0
4202012033300,2600.0,BANDA,25.0,SADAR TRY-HMRPR,73,शिक्षा विभाग (उच्च शिक्षा),4202,,राजकीय उपाधि महाविद्यालय,25,लघु निर्माण कार्य,N,V,2018-2019,100000,100000.0,0,100000.0,100.0,100000.0,0.0
4202012033300,2600.0,BANDA,26.0,BANDA,73,शिक्षा विभाग (उच्च शिक्षा),4202,,राजकीय उपाधि महाविद्यालय,25,लघु निर्माण कार्य,N,V,2018-2019,200000,200000.0,0,200000.0,100.0,200000.0,0.0
4202012033300,2600.0,BANDA,87.0,CHITRAKOOT,73,शिक्षा विभाग (उच्च शिक्षा),4202,,राजकीय उपाधि महाविद्यालय,25,लघु निर्माण कार्य,N,V,2018-2019,100000,100000.0,0,100000.0,100.0,100000.0,0.0
4202012010400,1100.0,BAREILLY,13.0,BADAUN,71,शिक्षा विभाग (प्राथमिक शिक्षा),4202,,बेसिक शिक्षा परिषद द्वारा संचालित प्राथमिक एवं उच्च प्राथमिक विद्यालयों में अवस्थापना सुविधाओं का विकास,24,वृहत् निर्माण कार्य,N,V,2018-2019,2121000,2121000.0,0,2121000.0,100.0,2121000.0,0.0
4202012010400,1100.0,BAREILLY,11.0,BAREILLY,71,शिक्षा विभाग (प्राथमिक शिक्षा),4202,,बेसिक शिक्षा परिषद द्वारा संचालित प्राथमिक एवं उच्च प्राथमिक विद्यालयों में अवस्थापना सुविधाओं का विकास,24,वृहत् निर्माण कार्य,N,V,2018-2019,50005500,16425000.0,0,16425000.0,32.85,16425000.0,33580500.0
4202012021700,1100.0,BAREILLY,11.0,BAREILLY,72,शिक्षा विभाग (माध्यमिक शिक्षा),4202,,राजकीय इण्टर कालेज की स्थापना,24,वृहत् निर्माण कार्य,N,V,2018-2019,6135000,6135000.0,0,6135000.0,100.0,6135000.0,0.0
4202012010400,1100.0,BAREILLY,15.0,SHAHJAHANPUR,71,शिक्षा विभाग (प्राथमिक शिक्षा),4202,,बेसिक शिक्षा परिषद द्वारा संचालित प्राथमिक एवं उच्च प्राथमिक विद्यालयों में अवस्थापना सुविधाओं का विकास,24,वृहत् निर्माण कार्य,N,V,2018-2019,17055000,17055000.0,0,17055000.0,100.0,17055000.0,0.0
4202012021500,1100.0,BAREILLY,11.0,BAREILLY,72,शिक्षा विभाग (माध्यमिक शिक्षा),4202,,केन्द्रीय राज्य पुस्तकालय,25,लघु निर्माण कार्य,N,V,2018-2019,200000,200000.0,0,200000.0,100.0,200000.0,0.0
4202012010400,1100.0,BAREILLY,16.0,PILIBHIT,71,शिक्षा विभाग (प्राथमिक शिक्षा),4202,,बेसिक शिक्षा परिषद द्वारा संचालित प्राथमिक एवं उच्च प्राथमिक विद्यालयों में अवस्थापना सुविधाओं का विकास,24,वृहत् निर्माण कार्य,N,V,2018-2019,28149000,17199000.0,0,17199000.0,61.1,17199000.0,10950000.0
4202012020500,1100.0,BAREILLY,15.0,SHAHJAHANPUR,72,शिक्षा विभाग (माध्यमिक शिक्षा),4202,,"राजकीय उ.मा.विद्यालयों का भवन निर्माण, विस्तार, विद्युतीकरण एवं भूमि/भवन क्रय (जिला योजना)",24,वृहत् निर्माण कार्य,N,V,2018-2019,10000000,10000000.0,0,10000000.0,100.0,10000000.0,0.0
4202012021700,1100.0,BAREILLY,13.0,BADAUN,72,शिक्षा विभाग (माध्यमिक शिक्षा),4202,,राजकीय इण्टर कालेज की स्थापना,24,वृहत् निर्माण कार्य,N,V,2018-2019,6135000,6135000.0,0,6135000.0,100.0,6135000.0,0.0
4202012021700,1100.0,BAREILLY,15.0,SHAHJAHANPUR,72,शिक्षा विभाग (माध्यमिक शिक्षा),4202,,राजकीय इण्टर कालेज की स्थापना,24,वृहत् निर्माण कार्य,N,V,2018-2019,18600000,18600000.0,0,18600000.0,100.0,18600000.0,0.0
4202012033300,1100.0,BAREILLY,16.0,PILIBHIT,73,शिक्षा विभाग (उच्च शिक्षा),4202,,राजकीय उपाधि महाविद्यालय,25,लघु निर्माण कार्य,N,V,2018-2019,100000,100000.0,0,100000.0,100.0,100000.0,0.0
4202012033300,1100.0,BAREILLY,13.0,BADAUN,73,शिक्षा विभाग (उच्च शिक्षा),4202,,राजकीय उपाधि महाविद्यालय,25,लघु निर्माण कार्य,N,V,2018-2019,300000,300000.0,0,300000.0,100.0,300000.0,0.0
4202012033300,1100.0,BAREILLY,11.0,BAREILLY,73,शिक्षा विभाग (उच्च शिक्षा),4202,,राजकीय उपाधि महाविद्यालय,25,लघु निर्माण कार्य,N,V,2018-2019,200000,200000.0,0,200000.0,100.0,200000.0,0.0
4202012033300,1100.0,BAREILLY,15.0,SHAHJAHANPUR,73,शिक्षा विभाग (उच्च शिक्षा),4202,,राजकीय उपाधि महाविद्यालय,25,लघु निर्माण कार्य,N,V,2018-2019,200000,199874.0,0,199874.0,99.94,199874.0,126.0
4202012020500,3300.0,BASTI,33.0,BASTI,72,शिक्षा विभाग (माध्यमिक शिक्षा),4202,,"राजकीय उ.मा.विद्यालयों का भवन निर्माण, विस्तार, विद्युतीकरण एवं भूमि/भवन क्रय (जिला योजना)",24,वृहत् निर्माण कार्य,N,V,2018-2019,9772000,9772000.0,0,9772000.0,100.0,9772000.0,0.0
4202012010400,3300.0,BASTI,67.0,SIDDHARTH NAGAR,71,शिक्षा विभाग (प्राथमिक शिक्षा),4202,,बेसिक शिक्षा परिषद द्वारा संचालित प्राथमिक एवं उच्च प्राथमिक विद्यालयों में अवस्थापना सुविधाओं का विकास,24,वृहत् निर्माण कार्य,N,V,2018-2019,35166000,35166000.0,0,35166000.0,100.0,35166000.0,0.0
4202012010400,3300.0,BASTI,80.0,SANT KABIR NAGR,71,शिक्षा विभाग (प्राथमिक शिक्षा),4202,,बेसिक शिक्षा परिषद द्वारा संचालित प्राथमिक एवं उच्च प्राथमिक विद्यालयों में अवस्थापना सुविधाओं का विकास,24,वृहत् निर्माण कार्य,N,V,2018-2019,10056000,9951000.0,0,9951000.0,98.96,9951000.0,105000.0
4202012021700,3300.0,BASTI,80.0,SANT KABIR NAGR,72,शिक्षा विभाग (माध्यमिक शिक्षा),4202,,राजकीय इण्टर कालेज की स्थापना,24,वृहत् निर्माण कार्य,N,V,2018-2019,6135000,6135000.0,0,6135000.0,100.0,6135000.0,0.0
4202012033300,3300.0,BASTI,33.0,BASTI,73,शिक्षा विभाग (उच्च शिक्षा),4202,,राजकीय उपाधि महाविद्यालय,25,लघु निर्माण कार्य,N,V,2018-2019,694000,694000.0,0,694000.0,100.0,694000.0,0.0
4202012010400,3300.0,BASTI,33.0,BASTI,71,शिक्षा विभाग (प्राथमिक शिक्षा),4202,,बेसिक शिक्षा परिषद द्वारा संचालित प्राथमिक एवं उच्च प्राथमिक विद्यालयों में अवस्थापना सुविधाओं का विकास,24,वृहत् निर्माण कार्य,N,V,2018-2019,38484000,26220000.0,0,26220000.0,68.13,26220000.0,12264000.0
4202012033300,3300.0,BASTI,67.0,SIDDHARTH NAGAR,73,शिक्षा विभाग (उच्च शिक्षा),4202,,राजकीय उपाधि महाविद्यालय,25,लघु निर्माण कार्य,N,V,2018-2019,100000,100000.0,0,100000.0,100.0,100000.0,0.0
4202012010400,4900.0,FAIZABAD,74.0,AMBEDKARNAGAR,71,शिक्षा विभाग (प्राथमिक शिक्षा),4202,,बेसिक शिक्षा परिषद द्वारा संचालित प्राथमिक एवं उच्च प्राथमिक विद्यालयों में अवस्थापना सुविधाओं का विकास,24,वृहत् निर्माण कार्य,N,V,2018-2019,34009500,22512000.0,0,22512000.0,66.19,22512000.0,11497500.0
4202012021700,4900.0,FAIZABAD,49.0,FAIZABAD,72,शिक्षा विभाग (माध्यमिक शिक्षा),4202,,राजकीय इण्टर कालेज की स्थापना,24,वृहत् निर्माण कार्य,N,V,2018-2019,12270000,12270000.0,0,12270000.0,100.0,12270000.0,0.0
4202012010400,4900.0,FAIZABAD,54.0,BARABANKI,71,शिक्षा विभाग (प्राथमिक शिक्षा),4202,,बेसिक शिक्षा परिषद द्वारा संचालित प्राथमिक एवं उच्च प्राथमिक विद्यालयों में अवस्थापना सुविधाओं का विकास,24,वृहत् निर्माण कार्य,N,V,2018-2019,34716000,11802000.0,0,11802000.0,34.0,11802000.0,22914000.0
4202012010400,4900.0,FAIZABAD,52.0,SULTANPUR,71,शिक्षा विभाग (प्राथमिक शिक्षा),4202,,बेसिक शिक्षा परिषद द्वारा संचालित प्राथमिक एवं उच्च प्राथमिक विद्यालयों में अवस्थापना सुविधाओं का विकास,24,वृहत् निर्माण कार्य,N,V,2018-2019,42016875,42016875.0,0,42016875.0,100.0,42016875.0,0.0
4202012010400,4900.0,FAIZABAD,49.0,FAIZABAD,71,शिक्षा विभाग (प्राथमिक शिक्षा),4202,,बेसिक शिक्षा परिषद द्वारा संचालित प्राथमिक एवं उच्च प्राथमिक विद्यालयों में अवस्थापना सुविधाओं का विकास,24,वृहत् निर्माण कार्य,N,V,2018-2019,27828000,9726000.0,0,9726000.0,34.95,9726000.0,18102000.0
4202012033300,4900.0,FAIZABAD,54.0,BARABANKI,73,शिक्षा विभाग (उच्च शिक्षा),4202,,राजकीय उपाधि महाविद्यालय,25,लघु निर्माण कार्य,N,V,2018-2019,100000,100000.0,0,100000.0,100.0,100000.0,0.0
4202012033300,4900.0,FAIZABAD,74.0,AMBEDKARNAGAR,73,शिक्षा विभाग (उच्च शिक्षा),4202,,राजकीय उपाधि महाविद्यालय,25,लघु निर्माण कार्य,N,V,2018-2019,600000,600000.0,0,600000.0,100.0,600000.0,0.0
4202012033300,4900.0,FAIZABAD,49.0,FAIZABAD,73,शिक्षा विभाग (उच्च शिक्षा),4202,,राजकीय उपाधि महाविद्यालय,25,लघु निर्माण कार्य,N,V,2018-2019,100000,100000.0,0,100000.0,100.0,100000.0,0.0
4202012010900,4900.0,FAIZABAD,74.0,AMBEDKARNAGAR,71,शिक्षा विभाग (प्राथमिक शिक्षा),4202,,मध्याह्न भोजन हेतु किचेन निर्माण,24,वृहत् निर्माण कार्य,N,V,2018-2019,25000000,25000000.0,0,25000000.0,100.0,25000000.0,0.0
4202012033300,5000.0,GONDA,85.0,SRAWASTI,73,शिक्षा विभाग (उच्च शिक्षा),4202,,राजकीय उपाधि महाविद्यालय,25,लघु निर्माण कार्य,N,V,2018-2019,100000,100000.0,0,100000.0,100.0,100000.0,0.0
4202012010400,5000.0,GONDA,51.0,BAHRAICH,71,शिक्षा विभाग (प्राथमिक शिक्षा),4202,,बेसिक शिक्षा परिषद द्वारा संचालित प्राथमिक एवं उच्च प्राथमिक विद्यालयों में अवस्थापना सुविधाओं का विकास,24,वृहत् निर्माण कार्य,N,V,2018-2019,76371000,65312131.0,0,65312131.0,85.52,65312131.0,11058869.0
4202012010400,5000.0,GONDA,50.0,GONDA,71,शिक्षा विभाग (प्राथमिक शिक्षा),4202,,बेसिक शिक्षा परिषद द्वारा संचालित प्राथमिक एवं उच्च प्राथमिक विद्यालयों में अवस्थापना सुविधाओं का विकास,24,वृहत् निर्माण कार्य,N,V,2018-2019,30265875,30265875.0,0,30265875.0,100.0,30265875.0,0.0
4202012010400,5000.0,GONDA,79.0,BALRAMPUR,71,शिक्षा विभाग (प्राथमिक शिक्षा),4202,,बेसिक शिक्षा परिषद द्वारा संचालित प्राथमिक एवं उच्च प्राथमिक विद्यालयों में अवस्थापना सुविधाओं का विकास,24,वृहत् निर्माण कार्य,N,V,2018-2019,59848500,45553500.0,0,45553500.0,76.11,45553500.0,14295000.0
4202012021700,5000.0,GONDA,85.0,SRAWASTI,72,शिक्षा विभाग (माध्यमिक शिक्षा),4202,,राजकीय इण्टर कालेज की स्थापना,24,वृहत् निर्माण कार्य,N,V,2018-2019,6135000,6135000.0,0,6135000.0,100.0,6135000.0,0.0
4202012021700,5000.0,GONDA,50.0,GONDA,72,शिक्षा विभाग (माध्यमिक शिक्षा),4202,,राजकीय इण्टर कालेज की स्थापना,24,वृहत् निर्माण कार्य,N,V,2018-2019,12270000,12270000.0,0,12270000.0,100.0,12270000.0,0.0
4202012021700,5000.0,GONDA,51.0,BAHRAICH,72,शिक्षा विभाग (माध्यमिक शिक्षा),4202,,राजकीय इण्टर कालेज की स्थापना,24,वृहत् निर्माण कार्य,N,V,2018-2019,6135000,6135000.0,0,6135000.0,100.0,6135000.0,0.0
4202012010400,5000.0,GONDA,85.0,SRAWASTI,71,शिक्षा विभाग (प्राथमिक शिक्षा),4202,,बेसिक शिक्षा परिषद द्वारा संचालित प्राथमिक एवं उच्च प्राथमिक विद्यालयों में अवस्थापना सुविधाओं का विकास,24,वृहत् निर्माण कार्य,N,V,2018-2019,17985000,16536000.0,0,16536000.0,91.94,16536000.0,1449000.0
4202012020600,3200.0,GORAKHPUR,32.0,GORAKHPUR,72,शिक्षा विभाग (माध्यमिक शिक्षा),4202,,जिला स्तर पर शिक्षा कार्यालय तथा आवासीय भवनों का निर्माण (जिला योजना),24,वृहत् निर्माण कार्य,N,V,2018-2019,10000000,10000000.0,0,10000000.0,100.0,10000000.0,0.0
4202012010400,3200.0,GORAKHPUR,70.0,MAHARAJGANJ,71,शिक्षा विभाग (प्राथमिक शिक्षा),4202,,बेसिक शिक्षा परिषद द्वारा संचालित प्राथमिक एवं उच्च प्राथमिक विद्यालयों में अवस्थापना सुविधाओं का विकास,24,वृहत् निर्माण कार्य,N,V,2018-2019,27246375,21597375.0,0,21597375.0,79.27,21597375.0,5649000.0
4202012010400,3200.0,GORAKHPUR,73.0,KUSHI NAGAR,71,शिक्षा विभाग (प्राथमिक शिक्षा),4202,,बेसिक शिक्षा परिषद द्वारा संचालित प्राथमिक एवं उच्च प्राथमिक विद्यालयों में अवस्थापना सुविधाओं का विकास,24,वृहत् निर्माण कार्य,N,V,2018-2019,52189875,52189875.0,0,52189875.0,100.0,52189875.0,0.0
4202012020400,3200.0,GORAKHPUR,35.0,DEORIA,72,शिक्षा विभाग (माध्यमिक शिक्षा),4202,,राजकीय उच्चतर माध्यमिक विद्यालयों की स्थापना,24,वृहत् निर्माण कार्य,N,V,2018-2019,15000000,15000000.0,0,15000000.0,100.0,15000000.0,0.0
4202012021700,3200.0,GORAKHPUR,70.0,MAHARAJGANJ,72,शिक्षा विभाग (माध्यमिक शिक्षा),4202,,राजकीय इण्टर कालेज की स्थापना,24,वृहत् निर्माण कार्य,N,V,2018-2019,6135000,6135000.0,0,6135000.0,100.0,6135000.0,0.0
4202012021700,3200.0,GORAKHPUR,73.0,KUSHI NAGAR,72,शिक्षा विभाग (माध्यमिक शिक्षा),4202,,राजकीय इण्टर कालेज की स्थापना,24,वृहत् निर्माण कार्य,N,V,2018-2019,12270000,12270000.0,0,12270000.0,100.0,12270000.0,0.0
4202012020500,3200.0,GORAKHPUR,70.0,MAHARAJGANJ,72,शिक्षा विभाग (माध्यमिक शिक्षा),4202,,"राजकीय उ.मा.विद्यालयों का भवन निर्माण, विस्तार, विद्युतीकरण एवं भूमि/भवन क्रय (जिला योजना)",24,वृहत् निर्माण कार्य,N,V,2018-2019,15000000,15000000.0,0,15000000.0,100.0,15000000.0,0.0
4202012010400,3200.0,GORAKHPUR,35.0,DEORIA,71,शिक्षा विभाग (प्राथमिक शिक्षा),4202,,बेसिक शिक्षा परिषद द्वारा संचालित प्राथमिक एवं उच्च प्राथमिक विद्यालयों में अवस्थापना सुविधाओं का विकास,24,वृहत् निर्माण कार्य,N,V,2018-2019,30237000,30237000.0,0,30237000.0,100.0,30237000.0,0.0
4202012033300,3200.0,GORAKHPUR,70.0,MAHARAJGANJ,73,शिक्षा विभाग (उच्च शिक्षा),4202,,राजकीय उपाधि महाविद्यालय,25,लघु निर्माण कार्य,N,V,2018-2019,100000,100000.0,0,100000.0,100.0,100000.0,0.0
4202012033300,3200.0,GORAKHPUR,73.0,KUSHI NAGAR,73,शिक्षा विभाग (उच्च शिक्षा),4202,,राजकीय उपाधि महाविद्यालय,25,लघु निर्माण कार्य,N,V,2018-2019,100000,100000.0,0,100000.0,100.0,100000.0,0.0
4202012033300,3200.0,GORAKHPUR,32.0,GORAKHPUR,73,शिक्षा विभाग (उच्च शिक्षा),4202,,राजकीय उपाधि महाविद्यालय,25,लघु निर्माण कार्य,N,V,2018-2019,100000,100000.0,0,100000.0,100.0,100000.0,0.0
4202012033300,3200.0,GORAKHPUR,35.0,DEORIA,73,शिक्षा विभाग (उच्च शिक्षा),4202,,राजकीय उपाधि महाविद्यालय,25,लघु निर्माण कार्य,N,V,2018-2019,400000,400000.0,0,400000.0,100.0,400000.0,0.0
4202012010400,3200.0,GORAKHPUR,32.0,GORAKHPUR,71,शिक्षा विभाग (प्राथमिक शिक्षा),4202,,बेसिक शिक्षा परिषद द्वारा संचालित प्राथमिक एवं उच्च प्राथमिक विद्यालयों में अवस्थापना सुविधाओं का विकास,24,वृहत् निर्माण कार्य,N,V,2018-2019,43728375,43728375.0,0,43728375.0,100.0,43728375.0,0.0
4202012020400,3200.0,GORAKHPUR,32.0,GORAKHPUR,72,शिक्षा विभाग (माध्यमिक शिक्षा),4202,,राजकीय उच्चतर माध्यमिक विद्यालयों की स्थापना,24,वृहत् निर्माण कार्य,N,V,2018-2019,36095000,36095000.0,0,36095000.0,100.0,36095000.0,0.0
4202012020500,3200.0,GORAKHPUR,32.0,GORAKHPUR,72,शिक्षा विभाग (माध्यमिक शिक्षा),4202,,"राजकीय उ.मा.विद्यालयों का भवन निर्माण, विस्तार, विद्युतीकरण एवं भूमि/भवन क्रय (जिला योजना)",24,वृहत् निर्माण कार्य,N,V,2018-2019,50000000,50000000.0,0,50000000.0,100.0,50000000.0,0.0
4202012021700,2300.0,JHANSI-MAIN,58.0,LALITPUR,72,शिक्षा विभाग (माध्यमिक शिक्षा),4202,,राजकीय इण्टर कालेज की स्थापना,24,वृहत् निर्माण कार्य,N,V,2018-2019,6135000,6135000.0,0,6135000.0,100.0,6135000.0,0.0
4202012010400,2300.0,JHANSI-MAIN,58.0,LALITPUR,71,शिक्षा विभाग (प्राथमिक शिक्षा),4202,,बेसिक शिक्षा परिषद द्वारा संचालित प्राथमिक एवं उच्च प्राथमिक विद्यालयों में अवस्थापना सुविधाओं का विकास,24,वृहत् निर्माण कार्य,N,V,2018-2019,13770000,1932000.0,0,1932000.0,14.03,1932000.0,11838000.0
4202012020400,2300.0,JHANSI-MAIN,23.0,JHANSI-MAIN,72,शिक्षा विभाग (माध्यमिक शिक्षा),4202,,राजकीय उच्चतर माध्यमिक विद्यालयों की स्थापना,24,वृहत् निर्माण कार्य,N,V,2018-2019,1500000,1500000.0,0,1500000.0,100.0,1500000.0,0.0
4202012010400,2300.0,JHANSI-MAIN,23.0,JHANSI-MAIN,71,शिक्षा विभाग (प्राथमिक शिक्षा),4202,,बेसिक शिक्षा परिषद द्वारा संचालित प्राथमिक एवं उच्च प्राथमिक विद्यालयों में अवस्थापना सुविधाओं का विकास,24,वृहत् निर्माण कार्य,N,V,2018-2019,7200000,630000.0,0,630000.0,8.75,630000.0,6570000.0
4202012010400,2300.0,JHANSI-MAIN,24.0,ORAI,71,शिक्षा विभाग (प्राथमिक शिक्षा),4202,,बेसिक शिक्षा परिषद द्वारा संचालित प्राथमिक एवं उच्च प्राथमिक विद्यालयों में अवस्थापना सुविधाओं का विकास,24,वृहत् निर्माण कार्य,N,V,2018-2019,8625000,8625000.0,0,8625000.0,100.0,8625000.0,0.0
4202012010400,2000.0,KANPUR NAGAR,18.0,FARRUKHABAD,71,शिक्षा विभाग (प्राथमिक शिक्षा),4202,,बेसिक शिक्षा परिषद द्वारा संचालित प्राथमिक एवं उच्च प्राथमिक विद्यालयों में अवस्थापना सुविधाओं का विकास,24,वृहत् निर्माण कार्य,N,V,2018-2019,23778000,20061000.0,0,20061000.0,84.37,20061000.0,3717000.0
4202012010400,2000.0,KANPUR NAGAR,81.0,AURAIYA,71,शिक्षा विभाग (प्राथमिक शिक्षा),4202,,बेसिक शिक्षा परिषद द्वारा संचालित प्राथमिक एवं उच्च प्राथमिक विद्यालयों में अवस्थापना सुविधाओं का विकास,24,वृहत् निर्माण कार्य,N,V,2018-2019,9426000,2856000.0,0,2856000.0,30.3,2856000.0,6570000.0
4202012010400,2000.0,KANPUR NAGAR,20.0,KANPUR NAGAR,71,शिक्षा विभाग (प्राथमिक शिक्षा),4202,,बेसिक शिक्षा परिषद द्वारा संचालित प्राथमिक एवं उच्च प्राथमिक विद्यालयों में अवस्थापना सुविधाओं का विकास,24,वृहत् निर्माण कार्य,N,V,2018-2019,4123500,1386000.0,0,1386000.0,33.61,1386000.0,2737500.0
4202012010400,2000.0,KANPUR NAGAR,84.0,KANNAUJ,71,शिक्षा विभाग (प्राथमिक शिक्षा),4202,,बेसिक शिक्षा परिषद द्वारा संचालित प्राथमिक एवं उच्च प्राथमिक विद्यालयों में अवस्थापना सुविधाओं का विकास,24,वृहत् निर्माण कार्य,N,V,2018-2019,12265500,3927000.0,0,3927000.0,32.02,3927000.0,8338500.0
4202012010400,2000.0,KANPUR NAGAR,19.0,ETAWAH,71,शिक्षा विभाग (प्राथमिक शिक्षा),4202,,बेसिक शिक्षा परिषद द्वारा संचालित प्राथमिक एवं उच्च प्राथमिक विद्यालयों में अवस्थापना सुविधाओं का विकास,24,वृहत् निर्माण कार्य,N,V,2018-2019,16845000,16845000.0,0,16845000.0,100.0,16845000.0,0.0
4202012010400,2000.0,KANPUR NAGAR,62.0,KANPUR DEHAT,71,शिक्षा विभाग (प्राथमिक शिक्षा),4202,,बेसिक शिक्षा परिषद द्वारा संचालित प्राथमिक एवं उच्च प्राथमिक विद्यालयों में अवस्थापना सुविधाओं का विकास,24,वृहत् निर्माण कार्य,N,V,2018-2019,29422500,29422500.0,0,29422500.0,100.0,29422500.0,0.0
4202012020500,2000.0,KANPUR NAGAR,62.0,KANPUR DEHAT,72,शिक्षा विभाग (माध्यमिक शिक्षा),4202,,"राजकीय उ.मा.विद्यालयों का भवन निर्माण, विस्तार, विद्युतीकरण एवं भूमि/भवन क्रय (जिला योजना)",24,वृहत् निर्माण कार्य,N,V,2018-2019,10691000,10691000.0,0,10691000.0,100.0,10691000.0,0.0
4202012020600,2000.0,KANPUR NAGAR,84.0,KANNAUJ,72,शिक्षा विभाग (माध्यमिक शिक्षा),4202,,जिला स्तर पर शिक्षा कार्यालय तथा आवासीय भवनों का निर्माण (जिला योजना),24,वृहत् निर्माण कार्य,N,V,2018-2019,4000000,4000000.0,0,4000000.0,100.0,4000000.0,0.0
4202012021700,2000.0,KANPUR NAGAR,62.0,KANPUR DEHAT,72,शिक्षा विभाग (माध्यमिक शिक्षा),4202,,राजकीय इण्टर कालेज की स्थापना,24,वृहत् निर्माण कार्य,N,V,2018-2019,12270000,12270000.0,0,12270000.0,100.0,12270000.0,0.0
4202012033300,2000.0,KANPUR NAGAR,18.0,FARRUKHABAD,73,शिक्षा विभाग (उच्च शिक्षा),4202,,राजकीय उपाधि महाविद्यालय,25,लघु निर्माण कार्य,N,V,2018-2019,100000,100000.0,0,100000.0,100.0,100000.0,0.0
4202012033300,2000.0,KANPUR NAGAR,19.0,ETAWAH,73,शिक्षा विभाग (उच्च शिक्षा),4202,,राजकीय उपाधि महाविद्यालय,25,लघु निर्माण कार्य,N,V,2018-2019,100000,100000.0,0,100000.0,100.0,100000.0,0.0
4202012010900,2000.0,KANPUR NAGAR,20.0,KANPUR NAGAR,71,शिक्षा विभाग (प्राथमिक शिक्षा),4202,,मध्याह्न भोजन हेतु किचेन निर्माण,24,वृहत् निर्माण कार्य,N,V,2018-2019,25000000,25000000.0,0,25000000.0,100.0,25000000.0,0.0
4202012020101,4300.0,LUCKNOW COLL.,60.0,LUCKNOW-JB,72,शिक्षा विभाग (माध्यमिक शिक्षा),4202,,कस्तूरबा गांधी बालिका विद्यालय का छात्रावास भवन (के.60/रा.40-के.+रा.),24,वृहत् निर्माण कार्य,N,V,2018-2019,332953000,332953000.0,0,332953000.0,100.0,332953000.0,0.0
4202012030203,4300.0,LUCKNOW COLL.,60.0,LUCKNOW-JB,73,शिक्षा विभाग (उच्च शिक्षा),4202,,राज्य विश्वविद्यालयो में आधारभूत सुविधाएं उपलब्ध कराया जाना (के.60/रा.40-के.+रा.),24,वृहत् निर्माण कार्य,N,V,2018-2019,314506000,314506000.0,0,314506000.0,100.0,314506000.0,0.0
4202012030203,4300.0,LUCKNOW COLL.,60.0,LUCKNOW-JB,73,शिक्षा विभाग (उच्च शिक्षा),4202,,राज्य विश्वविद्यालयो में आधारभूत सुविधाएं उपलब्ध कराया जाना (के.60/रा.40-के.+रा.),24,वृहत् निर्माण कार्य,N,V,2018-2019,314506000,314506000.0,0,314506000.0,100.0,314506000.0,0.0
4202012030203,4300.0,LUCKNOW COLL.,60.0,LUCKNOW-JB,73,शिक्षा विभाग (उच्च शिक्षा),4202,,राज्य विश्वविद्यालयो में आधारभूत सुविधाएं उपलब्ध कराया जाना (के.60/रा.40-के.+रा.),24,वृहत् निर्माण कार्य,N,V,2018-2019,314506000,314506000.0,0,314506000.0,100.0,314506000.0,0.0
4202012030203,4300.0,LUCKNOW COLL.,60.0,LUCKNOW-JB,73,शिक्षा विभाग (उच्च शिक्षा),4202,,राज्य विश्वविद्यालयो में आधारभूत सुविधाएं उपलब्ध कराया जाना (के.60/रा.40-के.+रा.),24,वृहत् निर्माण कार्य,N,V,2018-2019,314506000,314506000.0,0,314506000.0,100.0,314506000.0,0.0
4202012030203,4300.0,LUCKNOW COLL.,60.0,LUCKNOW-JB,73,शिक्षा विभाग (उच्च शिक्षा),4202,,राज्य विश्वविद्यालयो में आधारभूत सुविधाएं उपलब्ध कराया जाना (के.60/रा.40-के.+रा.),24,वृहत् निर्माण कार्य,N,V,2018-2019,314506000,314506000.0,0,314506000.0,100.0,314506000.0,0.0
4202012030203,4300.0,LUCKNOW COLL.,60.0,LUCKNOW-JB,73,शिक्षा विभाग (उच्च शिक्षा),4202,,राज्य विश्वविद्यालयो में आधारभूत सुविधाएं उपलब्ध कराया जाना (के.60/रा.40-के.+रा.),24,वृहत् निर्माण कार्य,N,V,2018-2019,314506000,314506000.0,0,314506000.0,100.0,314506000.0,0.0
4202012030203,4300.0,LUCKNOW COLL.,60.0,LUCKNOW-JB,73,शिक्षा विभाग (उच्च शिक्षा),4202,,राज्य विश्वविद्यालयो में आधारभूत सुविधाएं उपलब्ध कराया जाना (के.60/रा.40-के.+रा.),24,वृहत् निर्माण कार्य,N,V,2018-2019,314506000,314506000.0,0,314506000.0,100.0,314506000.0,0.0
4202012030202,4300.0,LUCKNOW COLL.,60.0,LUCKNOW-JB,73,शिक्षा विभाग (उच्च शिक्षा),4202,,राजकीय महाविद्यालयों में आधारभूत सुविधाए ं उपलब्ध कराया जाना (के.60/रा.40-के.+रा.),24,वृहत् निर्माण कार्य,N,V,2018-2019,223363000,223363000.0,0,223363000.0,100.0,223363000.0,0.0
4202012030202,4300.0,LUCKNOW COLL.,60.0,LUCKNOW-JB,73,शिक्षा विभाग (उच्च शिक्षा),4202,,राजकीय महाविद्यालयों में आधारभूत सुविधाए ं उपलब्ध कराया जाना (के.60/रा.40-के.+रा.),24,वृहत् निर्माण कार्य,N,V,2018-2019,223363000,223363000.0,0,223363000.0,100.0,223363000.0,0.0
4202012020101,4300.0,LUCKNOW COLL.,60.0,LUCKNOW-JB,72,शिक्षा विभाग (माध्यमिक शिक्षा),4202,,कस्तूरबा गांधी बालिका विद्यालय का छात्रावास भवन (के.60/रा.40-के.+रा.),24,वृहत् निर्माण कार्य,N,V,2018-2019,332953000,332953000.0,0,332953000.0,100.0,332953000.0,0.0
4202012030202,4300.0,LUCKNOW COLL.,60.0,LUCKNOW-JB,73,शिक्षा विभाग (उच्च शिक्षा),4202,,राजकीय महाविद्यालयों में आधारभूत सुविधाए ं उपलब्ध कराया जाना (के.60/रा.40-के.+रा.),24,वृहत् निर्माण कार्य,N,V,2018-2019,223363000,223363000.0,0,223363000.0,100.0,223363000.0,0.0
4202012030202,4300.0,LUCKNOW COLL.,60.0,LUCKNOW-JB,73,शिक्षा विभाग (उच्च शिक्षा),4202,,राजकीय महाविद्यालयों में आधारभूत सुविधाए ं उपलब्ध कराया जाना (के.60/रा.40-के.+रा.),24,वृहत् निर्माण कार्य,N,V,2018-2019,223363000,223363000.0,0,223363000.0,100.0,223363000.0,0.0
4202012030202,4300.0,LUCKNOW COLL.,60.0,LUCKNOW-JB,73,शिक्षा विभाग (उच्च शिक्षा),4202,,राजकीय महाविद्यालयों में आधारभूत सुविधाए ं उपलब्ध कराया जाना (के.60/रा.40-के.+रा.),24,वृहत् निर्माण कार्य,N,V,2018-2019,223363000,223363000.0,0,223363000.0,100.0,223363000.0,0.0
4202012030202,4300.0,LUCKNOW COLL.,60.0,LUCKNOW-JB,73,शिक्षा विभाग (उच्च शिक्षा),4202,,राजकीय महाविद्यालयों में आधारभूत सुविधाए ं उपलब्ध कराया जाना (के.60/रा.40-के.+रा.),24,वृहत् निर्माण कार्य,N,V,2018-2019,223363000,223363000.0,0,223363000.0,100.0,223363000.0,0.0
4202012030202,4300.0,LUCKNOW COLL.,60.0,LUCKNOW-JB,73,शिक्षा विभाग (उच्च शिक्षा),4202,,राजकीय महाविद्यालयों में आधारभूत सुविधाए ं उपलब्ध कराया जाना (के.60/रा.40-के.+रा.),24,वृहत् निर्माण कार्य,N,V,2018-2019,223363000,223363000.0,0,223363000.0,100.0,223363000.0,0.0
4202012030202,4300.0,LUCKNOW COLL.,60.0,LUCKNOW-JB,73,शिक्षा विभाग (उच्च शिक्षा),4202,,राजकीय महाविद्यालयों में आधारभूत सुविधाए ं उपलब्ध कराया जाना (के.60/रा.40-के.+रा.),24,वृहत् निर्माण कार्य,N,V,2018-2019,223363000,223363000.0,0,223363000.0,100.0,223363000.0,0.0
4202012030202,4300.0,LUCKNOW COLL.,60.0,LUCKNOW-JB,73,शिक्षा विभाग (उच्च शिक्षा),4202,,राजकीय महाविद्यालयों में आधारभूत सुविधाए ं उपलब्ध कराया जाना (के.60/रा.40-के.+रा.),24,वृहत् निर्माण कार्य,N,V,2018-2019,223363000,223363000.0,0,223363000.0,100.0,223363000.0,0.0
4202012030202,4300.0,LUCKNOW COLL.,60.0,LUCKNOW-JB,73,शिक्षा विभाग (उच्च शिक्षा),4202,,राजकीय महाविद्यालयों में आधारभूत सुविधाए ं उपलब्ध कराया जाना (के.60/रा.40-के.+रा.),24,वृहत् निर्माण कार्य,N,V,2018-2019,223363000,223363000.0,0,223363000.0,100.0,223363000.0,0.0
4202012030202,4300.0,LUCKNOW COLL.,60.0,LUCKNOW-JB,73,शिक्षा विभाग (उच्च शिक्षा),4202,,राजकीय महाविद्यालयों में आधारभूत सुविधाए ं उपलब्ध कराया जाना (के.60/रा.40-के.+रा.),24,वृहत् निर्माण कार्य,N,V,2018-2019,223363000,223363000.0,0,223363000.0,100.0,223363000.0,0.0
4202012020101,4300.0,LUCKNOW COLL.,60.0,LUCKNOW-JB,72,शिक्षा विभाग (माध्यमिक शिक्षा),4202,,कस्तूरबा गांधी बालिका विद्यालय का छात्रावास भवन (के.60/रा.40-के.+रा.),24,वृहत् निर्माण कार्य,N,V,2018-2019,332953000,332953000.0,0,332953000.0,100.0,332953000.0,0.0
4202012020101,4300.0,LUCKNOW COLL.,60.0,LUCKNOW-JB,72,शिक्षा विभाग (माध्यमिक शिक्षा),4202,,कस्तूरबा गांधी बालिका विद्यालय का छात्रावास भवन (के.60/रा.40-के.+रा.),24,वृहत् निर्माण कार्य,N,V,2018-2019,332953000,332953000.0,0,332953000.0,100.0,332953000.0,0.0
4202012020101,4300.0,LUCKNOW COLL.,60.0,LUCKNOW-JB,72,शिक्षा विभाग (माध्यमिक शिक्षा),4202,,कस्तूरबा गांधी बालिका विद्यालय का छात्रावास भवन (के.60/रा.40-के.+रा.),24,वृहत् निर्माण कार्य,N,V,2018-2019,332953000,332953000.0,0,332953000.0,100.0,332953000.0,0.0
4202012030202,4300.0,LUCKNOW COLL.,60.0,LUCKNOW-JB,73,शिक्षा विभाग (उच्च शिक्षा),4202,,राजकीय महाविद्यालयों में आधारभूत सुविधाए ं उपलब्ध कराया जाना (के.60/रा.40-के.+रा.),24,वृहत् निर्माण कार्य,N,V,2018-2019,223363000,223363000.0,0,223363000.0,100.0,223363000.0,0.0
4202012033400,4300.0,LUCKNOW COLL.,43.0,LUCKNOW COLL.,73,शिक्षा विभाग (उच्च शिक्षा),4202,,-,24,वृहत् निर्माण कार्य,N,V,2018-2019,3621313,3621313.0,0,3621313.0,100.0,3621313.0,0.0
4202041050300,4300.0,LUCKNOW COLL.,60.0,LUCKNOW-JB,72,शिक्षा विभाग (माध्यमिक शिक्षा),4202,,राजकीय जिला पुस्तकालयों के भवनों क़ा निर्माण कार्य,24,वृहत् निर्माण कार्य,N,V,2018-2019,1437500,1437500.0,0,1437500.0,100.0,1437500.0,0.0
4202012022700,4300.0,LUCKNOW COLL.,89.0,CSMAHARAJ NAGAR,72,शिक्षा विभाग (माध्यमिक शिक्षा),4202,,सैनिक स्कूलों की स्थापना,24,वृहत् निर्माण कार्य,N,V,2018-2019,200000000,200000000.0,0,200000000.0,100.0,200000000.0,0.0
4202012021800,4300.0,LUCKNOW COLL.,60.0,LUCKNOW-JB,72,शिक्षा विभाग (माध्यमिक शिक्षा),4202,,ई-बुक्स का क्रय / ई- लाइब्रेरी की स्थापना,42,अन्य व्यय,N,V,2018-2019,2000000,1980577.0,0,1980577.0,99.03,1980577.0,19423.0
4202012021700,4300.0,LUCKNOW COLL.,44.0,UNNAO TREASURY,72,शिक्षा विभाग (माध्यमिक शिक्षा),4202,,राजकीय इण्टर कालेज की स्थापना,24,वृहत् निर्माण कार्य,N,V,2018-2019,18270000,18270000.0,0,18270000.0,100.0,18270000.0,0.0
4202012021700,4300.0,LUCKNOW COLL.,45.0,RAEBARELI,72,शिक्षा विभाग (माध्यमिक शिक्षा),4202,,राजकीय इण्टर कालेज की स्थापना,24,वृहत् निर्माण कार्य,N,V,2018-2019,12270000,12270000.0,0,12270000.0,100.0,12270000.0,0.0
4202012021700,4300.0,LUCKNOW COLL.,48.0,KHERI,72,शिक्षा विभाग (माध्यमिक शिक्षा),4202,,राजकीय इण्टर कालेज की स्थापना,24,वृहत् निर्माण कार्य,N,V,2018-2019,18405000,18405000.0,0,18405000.0,100.0,18405000.0,0.0
4202012021700,4300.0,LUCKNOW COLL.,47.0,HARDOI,72,शिक्षा विभाग (माध्यमिक शिक्षा),4202,,राजकीय इण्टर कालेज की स्थापना,24,वृहत् निर्माण कार्य,N,V,2018-2019,6135000,6135000.0,0,6135000.0,100.0,6135000.0,0.0
4202012021700,4300.0,LUCKNOW COLL.,89.0,CSMAHARAJ NAGAR,72,शिक्षा विभाग (माध्यमिक शिक्षा),4202,,राजकीय इण्टर कालेज की स्थापना,24,वृहत् निर्माण कार्य,N,V,2018-2019,6135000,6135000.0,0,6135000.0,100.0,6135000.0,0.0
4202012021600,4300.0,LUCKNOW COLL.,44.0,UNNAO TREASURY,72,शिक्षा विभाग (माध्यमिक शिक्षा),4202,,वर्तमान जिला राजकीय पुस्तकालय,25,लघु निर्माण कार्य,N,V,2018-2019,62850,62850.0,0,62850.0,100.0,62850.0,0.0
4202012021600,4300.0,LUCKNOW COLL.,89.0,CSMAHARAJ NAGAR,72,शिक्षा विभाग (माध्यमिक शिक्षा),4202,,वर्तमान जिला राजकीय पुस्तकालय,25,लघु निर्माण कार्य,N,V,2018-2019,453000,453000.0,0,453000.0,100.0,453000.0,0.0
4202012021300,4300.0,LUCKNOW COLL.,44.0,UNNAO TREASURY,72,शिक्षा विभाग (माध्यमिक शिक्षा),4202,,राजकीय माध्यमिक विद्यालय (बालक/बालिका),25,लघु निर्माण कार्य,N,V,2018-2019,382880,382880.0,0,382880.0,100.0,382880.0,0.0
4202012021300,4300.0,LUCKNOW COLL.,43.0,LUCKNOW COLL.,72,शिक्षा विभाग (माध्यमिक शिक्षा),4202,,राजकीय माध्यमिक विद्यालय (बालक/बालिका),25,लघु निर्माण कार्य,N,V,2018-2019,1196488,1196488.0,0,1196488.0,100.0,1196488.0,0.0
4202012021000,4300.0,LUCKNOW COLL.,43.0,LUCKNOW COLL.,72,शिक्षा विभाग (माध्यमिक शिक्षा),4202,,क्षेत्रीय कर्मचारी निरीक्षण वर्ग (पुरूष),25,लघु निर्माण कार्य,N,V,2018-2019,99095,99050.0,0,99050.0,99.95,99050.0,45.0
4202012020500,4300.0,LUCKNOW COLL.,44.0,UNNAO TREASURY,72,शिक्षा विभाग (माध्यमिक शिक्षा),4202,,"राजकीय उ.मा.विद्यालयों का भवन निर्माण, विस्तार, विद्युतीकरण एवं भूमि/भवन क्रय (जिला योजना)",24,वृहत् निर्माण कार्य,N,V,2018-2019,9189000,9189000.0,0,9189000.0,100.0,9189000.0,0.0
4202012020500,4300.0,LUCKNOW COLL.,43.0,LUCKNOW COLL.,72,शिक्षा विभाग (माध्यमिक शिक्षा),4202,,"राजकीय उ.मा.विद्यालयों का भवन निर्माण, विस्तार, विद्युतीकरण एवं भूमि/भवन क्रय (जिला योजना)",24,वृहत् निर्माण कार्य,N,V,2018-2019,2304000,2304000.0,0,2304000.0,100.0,2304000.0,0.0
4202012020400,4300.0,LUCKNOW COLL.,43.0,LUCKNOW COLL.,72,शिक्षा विभाग (माध्यमिक शिक्षा),4202,,राजकीय उच्चतर माध्यमिक विद्यालयों की स्थापना,24,वृहत् निर्माण कार्य,N,V,2018-2019,53500000,53500000.0,0,53500000.0,100.0,53500000.0,0.0
4202012020101,4300.0,LUCKNOW COLL.,60.0,LUCKNOW-JB,72,शिक्षा विभाग (माध्यमिक शिक्षा),4202,,कस्तूरबा गांधी बालिका विद्यालय का छात्रावास भवन (के.60/रा.40-के.+रा.),24,वृहत् निर्माण कार्य,N,V,2018-2019,332953000,332953000.0,0,332953000.0,100.0,332953000.0,0.0
4202012020101,4300.0,LUCKNOW COLL.,60.0,LUCKNOW-JB,72,शिक्षा विभाग (माध्यमिक शिक्षा),4202,,कस्तूरबा गांधी बालिका विद्यालय का छात्रावास भवन (के.60/रा.40-के.+रा.),24,वृहत् निर्माण कार्य,N,V,2018-2019,332953000,332953000.0,0,332953000.0,100.0,332953000.0,0.0
4202012030202,4300.0,LUCKNOW COLL.,60.0,LUCKNOW-JB,73,शिक्षा विभाग (उच्च शिक्षा),4202,,राजकीय महाविद्यालयों में आधारभूत सुविधाए ं उपलब्ध कराया जाना (के.60/रा.40-के.+रा.),24,वृहत् निर्माण कार्य,N,V,2018-2019,223363000,223363000.0,0,223363000.0,100.0,223363000.0,0.0
4202012030201,4300.0,LUCKNOW COLL.,60.0,LUCKNOW-JB,73,शिक्षा विभाग (उच्च शिक्षा),4202,,मॉडल डिग्री कालेजों की स्थापना (के.60/रा.40-के.+रा.),24,वृहत् निर्माण कार्य,N,V,2018-2019,313908834,313908834.0,0,313908834.0,100.0,313908834.0,0.0
4202012030203,4300.0,LUCKNOW COLL.,60.0,LUCKNOW-JB,73,शिक्षा विभाग (उच्च शिक्षा),4202,,राज्य विश्वविद्यालयो में आधारभूत सुविधाएं उपलब्ध कराया जाना (के.60/रा.40-के.+रा.),24,वृहत् निर्माण कार्य,N,V,2018-2019,314506000,314506000.0,0,314506000.0,100.0,314506000.0,0.0
4202012030201,4300.0,LUCKNOW COLL.,60.0,LUCKNOW-JB,73,शिक्षा विभाग (उच्च शिक्षा),4202,,मॉडल डिग्री कालेजों की स्थापना (के.60/रा.40-के.+रा.),24,वृहत् निर्माण कार्य,N,V,2018-2019,313908834,313908834.0,0,313908834.0,100.0,313908834.0,0.0
4202012030203,4300.0,LUCKNOW COLL.,60.0,LUCKNOW-JB,73,शिक्षा विभाग (उच्च शिक्षा),4202,,राज्य विश्वविद्यालयो में आधारभूत सुविधाएं उपलब्ध कराया जाना (के.60/रा.40-के.+रा.),24,वृहत् निर्माण कार्य,N,V,2018-2019,314506000,314506000.0,0,314506000.0,100.0,314506000.0,0.0
4202012030201,4300.0,LUCKNOW COLL.,60.0,LUCKNOW-JB,73,शिक्षा विभाग (उच्च शिक्षा),4202,,मॉडल डिग्री कालेजों की स्थापना (के.60/रा.40-के.+रा.),24,वृहत् निर्माण कार्य,N,V,2018-2019,313908834,313908834.0,0,313908834.0,100.0,313908834.0,0.0
4202012030201,4300.0,LUCKNOW COLL.,60.0,LUCKNOW-JB,73,शिक्षा विभाग (उच्च शिक्षा),4202,,मॉडल डिग्री कालेजों की स्थापना (के.60/रा.40-के.+रा.),24,वृहत् निर्माण कार्य,N,V,2018-2019,313908834,313908834.0,0,313908834.0,100.0,313908834.0,0.0
4202012030201,4300.0,LUCKNOW COLL.,60.0,LUCKNOW-JB,73,शिक्षा विभाग (उच्च शिक्षा),4202,,मॉडल डिग्री कालेजों की स्थापना (के.60/रा.40-के.+रा.),24,वृहत् निर्माण कार्य,N,V,2018-2019,313908834,313908834.0,0,313908834.0,100.0,313908834.0,0.0
4202012030201,4300.0,LUCKNOW COLL.,60.0,LUCKNOW-JB,73,शिक्षा विभाग (उच्च शिक्षा),4202,,मॉडल डिग्री कालेजों की स्थापना (के.60/रा.40-के.+रा.),24,वृहत् निर्माण कार्य,N,V,2018-2019,313908834,313908834.0,0,313908834.0,100.0,313908834.0,0.0
4202012030201,4300.0,LUCKNOW COLL.,60.0,LUCKNOW-JB,73,शिक्षा विभाग (उच्च शिक्षा),4202,,मॉडल डिग्री कालेजों की स्थापना (के.60/रा.40-के.+रा.),24,वृहत् निर्माण कार्य,N,V,2018-2019,313908834,313908834.0,0,313908834.0,100.0,313908834.0,0.0
4202012030201,4300.0,LUCKNOW COLL.,60.0,LUCKNOW-JB,73,शिक्षा विभाग (उच्च शिक्षा),4202,,मॉडल डिग्री कालेजों की स्थापना (के.60/रा.40-के.+रा.),24,वृहत् निर्माण कार्य,N,V,2018-2019,313908834,313908834.0,0,313908834.0,100.0,313908834.0,0.0
4202012030201,4300.0,LUCKNOW COLL.,60.0,LUCKNOW-JB,73,शिक्षा विभाग (उच्च शिक्षा),4202,,मॉडल डिग्री कालेजों की स्थापना (के.60/रा.40-के.+रा.),24,वृहत् निर्माण कार्य,N,V,2018-2019,313908834,313908834.0,0,313908834.0,100.0,313908834.0,0.0
4202012030201,4300.0,LUCKNOW COLL.,60.0,LUCKNOW-JB,73,शिक्षा विभाग (उच्च शिक्षा),4202,,मॉडल डिग्री कालेजों की स्थापना (के.60/रा.40-के.+रा.),24,वृहत् निर्माण कार्य,N,V,2018-2019,313908834,313908834.0,0,313908834.0,100.0,313908834.0,0.0
4202012010101,4300.0,LUCKNOW COLL.,43.0,LUCKNOW COLL.,71,शिक्षा विभाग (प्राथमिक शिक्षा),4202,,सर्व शिक्षा अभियान के अन्तर्गत प्राथमिक एवं उच्च प्राथमिक विद्यालयों में अवस्थापना सुविधाओं का विकास (के.60/रा.40-के.+रा.),24,वृहत् निर्माण कार्य,N,V,2018-2019,500000000,500000000.0,0,500000000.0,100.0,500000000.0,0.0
4202012010400,4300.0,LUCKNOW COLL.,46.0,SITAPUR,71,शिक्षा विभाग (प्राथमिक शिक्षा),4202,,बेसिक शिक्षा परिषद द्वारा संचालित प्राथमिक एवं उच्च प्राथमिक विद्यालयों में अवस्थापना सुविधाओं का विकास,24,वृहत् निर्माण कार्य,N,V,2018-2019,118993000,104545000.0,0,104545000.0,87.86,104545000.0,14448000.0
4202012010400,4300.0,LUCKNOW COLL.,89.0,CSMAHARAJ NAGAR,71,शिक्षा विभाग (प्राथमिक शिक्षा),4202,,बेसिक शिक्षा परिषद द्वारा संचालित प्राथमिक एवं उच्च प्राथमिक विद्यालयों में अवस्थापना सुविधाओं का विकास,24,वृहत् निर्माण कार्य,N,V,2018-2019,29946000,29946000.0,0,29946000.0,100.0,29946000.0,0.0
4202012010400,4300.0,LUCKNOW COLL.,47.0,HARDOI,71,शिक्षा विभाग (प्राथमिक शिक्षा),4202,,बेसिक शिक्षा परिषद द्वारा संचालित प्राथमिक एवं उच्च प्राथमिक विद्यालयों में अवस्थापना सुविधाओं का विकास,24,वृहत् निर्माण कार्य,N,V,2018-2019,59587875,16464000.0,0,16464000.0,27.63,16464000.0,43123875.0
4202012010400,4300.0,LUCKNOW COLL.,48.0,KHERI,71,शिक्षा विभाग (प्राथमिक शिक्षा),4202,,बेसिक शिक्षा परिषद द्वारा संचालित प्राथमिक एवं उच्च प्राथमिक विद्यालयों में अवस्थापना सुविधाओं का विकास,24,वृहत् निर्माण कार्य,N,V,2018-2019,65895375,55872375.0,0,55872375.0,84.79,55872375.0,10023000.0
4202012010400,4300.0,LUCKNOW COLL.,43.0,LUCKNOW COLL.,71,शिक्षा विभाग (प्राथमिक शिक्षा),4202,,बेसिक शिक्षा परिषद द्वारा संचालित प्राथमिक एवं उच्च प्राथमिक विद्यालयों में अवस्थापना सुविधाओं का विकास,24,वृहत् निर्माण कार्य,N,V,2018-2019,17284500,4541500.0,0,4541500.0,26.27,4541500.0,12743000.0
4202012010400,4300.0,LUCKNOW COLL.,60.0,LUCKNOW-JB,71,शिक्षा विभाग (प्राथमिक शिक्षा),4202,,बेसिक शिक्षा परिषद द्वारा संचालित प्राथमिक एवं उच्च प्राथमिक विद्यालयों में अवस्थापना सुविधाओं का विकास,24,वृहत् निर्माण कार्य,N,V,2018-2019,326752855,326752855.0,0,326752855.0,100.0,326752855.0,0.0
4202012010400,4300.0,LUCKNOW COLL.,45.0,RAEBARELI,71,शिक्षा विभाग (प्राथमिक शिक्षा),4202,,बेसिक शिक्षा परिषद द्वारा संचालित प्राथमिक एवं उच्च प्राथमिक विद्यालयों में अवस्थापना सुविधाओं का विकास,24,वृहत् निर्माण कार्य,N,V,2018-2019,35598000,20713509.0,0,20713509.0,58.19,20713509.0,14884491.0
4202012010400,4300.0,LUCKNOW COLL.,44.0,UNNAO TREASURY,71,शिक्षा विभाग (प्राथमिक शिक्षा),4202,,बेसिक शिक्षा परिषद द्वारा संचालित प्राथमिक एवं उच्च प्राथमिक विद्यालयों में अवस्थापना सुविधाओं का विकास,24,वृहत् निर्माण कार्य,N,V,2018-2019,39294000,39293850.0,0,39293850.0,100.0,39293850.0,150.0
4202012030201,4300.0,LUCKNOW COLL.,60.0,LUCKNOW-JB,73,शिक्षा विभाग (उच्च शिक्षा),4202,,मॉडल डिग्री कालेजों की स्थापना (के.60/रा.40-के.+रा.),24,वृहत् निर्माण कार्य,N,V,2018-2019,313908834,313908834.0,0,313908834.0,100.0,313908834.0,0.0
4202012030201,4300.0,LUCKNOW COLL.,60.0,LUCKNOW-JB,73,शिक्षा विभाग (उच्च शिक्षा),4202,,मॉडल डिग्री कालेजों की स्थापना (के.60/रा.40-के.+रा.),24,वृहत् निर्माण कार्य,N,V,2018-2019,313908834,313908834.0,0,313908834.0,100.0,313908834.0,0.0
4202012030201,4300.0,LUCKNOW COLL.,60.0,LUCKNOW-JB,73,शिक्षा विभाग (उच्च शिक्षा),4202,,मॉडल डिग्री कालेजों की स्थापना (के.60/रा.40-के.+रा.),24,वृहत् निर्माण कार्य,N,V,2018-2019,313908834,313908834.0,0,313908834.0,100.0,313908834.0,0.0
4202012030201,4300.0,LUCKNOW COLL.,60.0,LUCKNOW-JB,73,शिक्षा विभाग (उच्च शिक्षा),4202,,मॉडल डिग्री कालेजों की स्थापना (के.60/रा.40-के.+रा.),24,वृहत् निर्माण कार्य,N,V,2018-2019,313908834,313908834.0,0,313908834.0,100.0,313908834.0,0.0
4202012030203,4300.0,LUCKNOW COLL.,60.0,LUCKNOW-JB,73,शिक्षा विभाग (उच्च शिक्षा),4202,,राज्य विश्वविद्यालयो में आधारभूत सुविधाएं उपलब्ध कराया जाना (के.60/रा.40-के.+रा.),24,वृहत् निर्माण कार्य,N,V,2018-2019,314506000,314506000.0,0,314506000.0,100.0,314506000.0,0.0
4202012033300,4300.0,LUCKNOW COLL.,46.0,SITAPUR,73,शिक्षा विभाग (उच्च शिक्षा),4202,,राजकीय उपाधि महाविद्यालय,25,लघु निर्माण कार्य,N,V,2018-2019,100000,99645.0,0,99645.0,99.65,99645.0,355.0
4202012033300,4300.0,LUCKNOW COLL.,43.0,LUCKNOW COLL.,73,शिक्षा विभाग (उच्च शिक्षा),4202,,राजकीय उपाधि महाविद्यालय,25,लघु निर्माण कार्य,N,V,2018-2019,500000,500000.0,0,500000.0,100.0,500000.0,0.0
4202012031900,4300.0,LUCKNOW COLL.,43.0,LUCKNOW COLL.,73,शिक्षा विभाग (उच्च शिक्षा),4202,,राज्य विश्वविद्यालयों में आधारभूत सुविधाओं का विस्तार,24,वृहत् निर्माण कार्य,N,V,2018-2019,49687597,49687597.0,0,49687597.0,100.0,49687597.0,0.0
4202012031800,4300.0,LUCKNOW COLL.,43.0,LUCKNOW COLL.,73,शिक्षा विभाग (उच्च शिक्षा),4202,,"डा. राम मनोहर लोहिया राष्ट्रीय विधि विश्वविद्यालय ,लखनऊ",24,वृहत् निर्माण कार्य,N,V,2018-2019,4028224,0.0,0,0.0,0.0,0.0,0.0
4202012030800,4300.0,LUCKNOW COLL.,60.0,LUCKNOW-JB,73,शिक्षा विभाग (उच्च शिक्षा),4202,,"अरबी फारसी विश्वविद्यालय, लखनऊ",24,वृहत् निर्माण कार्य,N,V,2018-2019,70000000,70000000.0,0,70000000.0,100.0,70000000.0,0.0
4202012030203,4300.0,LUCKNOW COLL.,60.0,LUCKNOW-JB,73,शिक्षा विभाग (उच्च शिक्षा),4202,,राज्य विश्वविद्यालयो में आधारभूत सुविधाएं उपलब्ध कराया जाना (के.60/रा.40-के.+रा.),24,वृहत् निर्माण कार्य,N,V,2018-2019,314506000,314506000.0,0,314506000.0,100.0,314506000.0,0.0
4202012030201,4300.0,LUCKNOW COLL.,60.0,LUCKNOW-JB,73,शिक्षा विभाग (उच्च शिक्षा),4202,,मॉडल डिग्री कालेजों की स्थापना (के.60/रा.40-के.+रा.),24,वृहत् निर्माण कार्य,N,V,2018-2019,313908834,313908834.0,0,313908834.0,100.0,313908834.0,0.0
4202012030203,4300.0,LUCKNOW COLL.,60.0,LUCKNOW-JB,73,शिक्षा विभाग (उच्च शिक्षा),4202,,राज्य विश्वविद्यालयो में आधारभूत सुविधाएं उपलब्ध कराया जाना (के.60/रा.40-के.+रा.),24,वृहत् निर्माण कार्य,N,V,2018-2019,314506000,314506000.0,0,314506000.0,100.0,314506000.0,0.0
4202012030203,4300.0,LUCKNOW COLL.,60.0,LUCKNOW-JB,73,शिक्षा विभाग (उच्च शिक्षा),4202,,राज्य विश्वविद्यालयो में आधारभूत सुविधाएं उपलब्ध कराया जाना (के.60/रा.40-के.+रा.),24,वृहत् निर्माण कार्य,N,V,2018-2019,314506000,314506000.0,0,314506000.0,100.0,314506000.0,0.0
4202012030201,4300.0,LUCKNOW COLL.,60.0,LUCKNOW-JB,73,शिक्षा विभाग (उच्च शिक्षा),4202,,मॉडल डिग्री कालेजों की स्थापना (के.60/रा.40-के.+रा.),24,वृहत् निर्माण कार्य,N,V,2018-2019,313908834,313908834.0,0,313908834.0,100.0,313908834.0,0.0
4202012030203,4300.0,LUCKNOW COLL.,60.0,LUCKNOW-JB,73,शिक्षा विभाग (उच्च शिक्षा),4202,,राज्य विश्वविद्यालयो में आधारभूत सुविधाएं उपलब्ध कराया जाना (के.60/रा.40-के.+रा.),24,वृहत् निर्माण कार्य,N,V,2018-2019,314506000,314506000.0,0,314506000.0,100.0,314506000.0,0.0
4202012030203,4300.0,LUCKNOW COLL.,60.0,LUCKNOW-JB,73,शिक्षा विभाग (उच्च शिक्षा),4202,,राज्य विश्वविद्यालयो में आधारभूत सुविधाएं उपलब्ध कराया जाना (के.60/रा.40-के.+रा.),24,वृहत् निर्माण कार्य,N,V,2018-2019,314506000,314506000.0,0,314506000.0,100.0,314506000.0,0.0
4202012030203,4300.0,LUCKNOW COLL.,60.0,LUCKNOW-JB,73,शिक्षा विभाग (उच्च शिक्षा),4202,,राज्य विश्वविद्यालयो में आधारभूत सुविधाएं उपलब्ध कराया जाना (के.60/रा.40-के.+रा.),24,वृहत् निर्माण कार्य,N,V,2018-2019,314506000,314506000.0,0,314506000.0,100.0,314506000.0,0.0
4202012030202,4300.0,LUCKNOW COLL.,60.0,LUCKNOW-JB,73,शिक्षा विभाग (उच्च शिक्षा),4202,,राजकीय महाविद्यालयों में आधारभूत सुविधाए ं उपलब्ध कराया जाना (के.60/रा.40-के.+रा.),24,वृहत् निर्माण कार्य,N,V,2018-2019,223363000,223363000.0,0,223363000.0,100.0,223363000.0,0.0
4202012030202,4300.0,LUCKNOW COLL.,60.0,LUCKNOW-JB,73,शिक्षा विभाग (उच्च शिक्षा),4202,,राजकीय महाविद्यालयों में आधारभूत सुविधाए ं उपलब्ध कराया जाना (के.60/रा.40-के.+रा.),24,वृहत् निर्माण कार्य,N,V,2018-2019,223363000,223363000.0,0,223363000.0,100.0,223363000.0,0.0
4202012030202,4300.0,LUCKNOW COLL.,60.0,LUCKNOW-JB,73,शिक्षा विभाग (उच्च शिक्षा),4202,,राजकीय महाविद्यालयों में आधारभूत सुविधाए ं उपलब्ध कराया जाना (के.60/रा.40-के.+रा.),24,वृहत् निर्माण कार्य,N,V,2018-2019,223363000,223363000.0,0,223363000.0,100.0,223363000.0,0.0
4202012030202,4300.0,LUCKNOW COLL.,60.0,LUCKNOW-JB,73,शिक्षा विभाग (उच्च शिक्षा),4202,,राजकीय महाविद्यालयों में आधारभूत सुविधाए ं उपलब्ध कराया जाना (के.60/रा.40-के.+रा.),24,वृहत् निर्माण कार्य,N,V,2018-2019,223363000,223363000.0,0,223363000.0,100.0,223363000.0,0.0
4202012030203,4300.0,LUCKNOW COLL.,60.0,LUCKNOW-JB,73,शिक्षा विभाग (उच्च शिक्षा),4202,,राज्य विश्वविद्यालयो में आधारभूत सुविधाएं उपलब्ध कराया जाना (के.60/रा.40-के.+रा.),24,वृहत् निर्माण कार्य,N,V,2018-2019,314506000,314506000.0,0,314506000.0,100.0,314506000.0,0.0
4202012030201,4300.0,LUCKNOW COLL.,60.0,LUCKNOW-JB,73,शिक्षा विभाग (उच्च शिक्षा),4202,,मॉडल डिग्री कालेजों की स्थापना (के.60/रा.40-के.+रा.),24,वृहत् निर्माण कार्य,N,V,2018-2019,313908834,313908834.0,0,313908834.0,100.0,313908834.0,0.0
4202012010400,400.0,MEERUT SADAR,4.0,MEERUT SADAR,71,शिक्षा विभाग (प्राथमिक शिक्षा),4202,,बेसिक शिक्षा परिषद द्वारा संचालित प्राथमिक एवं उच्च प्राथमिक विद्यालयों में अवस्थापना सुविधाओं का विकास,24,वृहत् निर्माण कार्य,N,V,2018-2019,5424000,3234000.0,0,3234000.0,59.62,3234000.0,2190000.0
4202012010900,400.0,MEERUT SADAR,59.0,GHAZIABAD,71,शिक्षा विभाग (प्राथमिक शिक्षा),4202,,मध्याह्न भोजन हेतु किचेन निर्माण,24,वृहत् निर्माण कार्य,N,V,2018-2019,25000000,25000000.0,0,25000000.0,100.0,25000000.0,0.0
4202012033300,400.0,MEERUT SADAR,83.0,BAGHPAT SADAR,73,शिक्षा विभाग (उच्च शिक्षा),4202,,राजकीय उपाधि महाविद्यालय,25,लघु निर्माण कार्य,N,V,2018-2019,100000,99990.0,0,99990.0,99.99,99990.0,10.0
4202012033300,400.0,MEERUT SADAR,59.0,GHAZIABAD,73,शिक्षा विभाग (उच्च शिक्षा),4202,,राजकीय उपाधि महाविद्यालय,25,लघु निर्माण कार्य,N,V,2018-2019,200000,200000.0,0,200000.0,100.0,200000.0,0.0
4202012033300,400.0,MEERUT SADAR,5.0,BULANDSHAHR,73,शिक्षा विभाग (उच्च शिक्षा),4202,,राजकीय उपाधि महाविद्यालय,25,लघु निर्माण कार्य,N,V,2018-2019,200000,199990.0,0,199990.0,100.0,199990.0,10.0
4202012033300,400.0,MEERUT SADAR,76.0,G.B.NAGAR,73,शिक्षा विभाग (उच्च शिक्षा),4202,,राजकीय उपाधि महाविद्यालय,25,लघु निर्माण कार्य,N,V,2018-2019,300000,300000.0,0,300000.0,100.0,300000.0,0.0
4202012010400,400.0,MEERUT SADAR,5.0,BULANDSHAHR,71,शिक्षा विभाग (प्राथमिक शिक्षा),4202,,बेसिक शिक्षा परिषद द्वारा संचालित प्राथमिक एवं उच्च प्राथमिक विद्यालयों में अवस्थापना सुविधाओं का विकास,24,वृहत् निर्माण कार्य,N,V,2018-2019,11580000,11580000.0,0,11580000.0,100.0,11580000.0,0.0
4202012010400,400.0,MEERUT SADAR,90.0,HAPUR,71,शिक्षा विभाग (प्राथमिक शिक्षा),4202,,बेसिक शिक्षा परिषद द्वारा संचालित प्राथमिक एवं उच्च प्राथमिक विद्यालयों में अवस्थापना सुविधाओं का विकास,24,वृहत् निर्माण कार्य,N,V,2018-2019,1282500,1282500.0,0,1282500.0,100.0,1282500.0,0.0
4202012010400,400.0,MEERUT SADAR,59.0,GHAZIABAD,71,शिक्षा विभाग (प्राथमिक शिक्षा),4202,,बेसिक शिक्षा परिषद द्वारा संचालित प्राथमिक एवं उच्च प्राथमिक विद्यालयों में अवस्थापना सुविधाओं का विकास,24,वृहत् निर्माण कार्य,N,V,2018-2019,1828500,1828500.0,0,1828500.0,100.0,1828500.0,0.0
4202012020400,400.0,MEERUT SADAR,4.0,MEERUT SADAR,72,शिक्षा विभाग (माध्यमिक शिक्षा),4202,,राजकीय उच्चतर माध्यमिक विद्यालयों की स्थापना,24,वृहत् निर्माण कार्य,N,V,2018-2019,10513000,10513000.0,0,10513000.0,100.0,10513000.0,0.0
4202012021500,400.0,MEERUT SADAR,4.0,MEERUT SADAR,72,शिक्षा विभाग (माध्यमिक शिक्षा),4202,,केन्द्रीय राज्य पुस्तकालय,25,लघु निर्माण कार्य,N,V,2018-2019,299820,299820.0,0,299820.0,100.0,299820.0,0.0
4202012021700,400.0,MEERUT SADAR,5.0,BULANDSHAHR,72,शिक्षा विभाग (माध्यमिक शिक्षा),4202,,राजकीय इण्टर कालेज की स्थापना,24,वृहत् निर्माण कार्य,N,V,2018-2019,6135000,6135000.0,0,6135000.0,100.0,6135000.0,0.0
4202012010300,400.0,MEERUT SADAR,90.0,HAPUR,71,शिक्षा विभाग (प्राथमिक शिक्षा),4202,,जिलों में बेसिक शिक्षा अधिकारियों के कार्यालय भवनों का निर्माण (जिला योजना),24,वृहत् निर्माण कार्य,N,V,2018-2019,3047000,3047000.0,0,3047000.0,100.0,3047000.0,0.0
4202012010400,400.0,MEERUT SADAR,83.0,BAGHPAT SADAR,71,शिक्षा विभाग (प्राथमिक शिक्षा),4202,,बेसिक शिक्षा परिषद द्वारा संचालित प्राथमिक एवं उच्च प्राथमिक विद्यालयों में अवस्थापना सुविधाओं का विकास,24,वृहत् निर्माण कार्य,N,V,2018-2019,6000000,525000.0,0,525000.0,8.75,525000.0,5475000.0
4202012010400,400.0,MEERUT SADAR,76.0,G.B.NAGAR,71,शिक्षा विभाग (प्राथमिक शिक्षा),4202,,बेसिक शिक्षा परिषद द्वारा संचालित प्राथमिक एवं उच्च प्राथमिक विद्यालयों में अवस्थापना सुविधाओं का विकास,24,वृहत् निर्माण कार्य,N,V,2018-2019,799500,799500.0,0,799500.0,100.0,799500.0,0.0
4202012010400,2800.0,MIRZAPUR,69.0,TRY.SONBHADRA,71,शिक्षा विभाग (प्राथमिक शिक्षा),4202,,बेसिक शिक्षा परिषद द्वारा संचालित प्राथमिक एवं उच्च प्राथमिक विद्यालयों में अवस्थापना सुविधाओं का विकास,24,वृहत् निर्माण कार्य,N,V,2018-2019,47172000,23022000.0,0,23022000.0,48.8,23022000.0,24150000.0
4202012010400,2800.0,MIRZAPUR,28.0,MIRZAPUR,71,शिक्षा विभाग (प्राथमिक शिक्षा),4202,,बेसिक शिक्षा परिषद द्वारा संचालित प्राथमिक एवं उच्च प्राथमिक विद्यालयों में अवस्थापना सुविधाओं का विकास,24,वृहत् निर्माण कार्य,N,V,2018-2019,27301500,17914500.0,0,17914500.0,65.62,17914500.0,9387000.0
4202012033300,2800.0,MIRZAPUR,72.0,BHADOHI,73,शिक्षा विभाग (उच्च शिक्षा),4202,,राजकीय उपाधि महाविद्यालय,25,लघु निर्माण कार्य,N,V,2018-2019,100000,99100.0,0,99100.0,99.1,99100.0,900.0
4202012033300,2800.0,MIRZAPUR,28.0,MIRZAPUR,73,शिक्षा विभाग (उच्च शिक्षा),4202,,राजकीय उपाधि महाविद्यालय,25,लघु निर्माण कार्य,N,V,2018-2019,100000,100000.0,0,100000.0,100.0,100000.0,0.0
4202012033300,2800.0,MIRZAPUR,69.0,TRY.SONBHADRA,73,शिक्षा विभाग (उच्च शिक्षा),4202,,राजकीय उपाधि महाविद्यालय,25,लघु निर्माण कार्य,N,V,2018-2019,0,0.0,0,0.0,0.0,0.0,0.0
4202012021700,2800.0,MIRZAPUR,69.0,TRY.SONBHADRA,72,शिक्षा विभाग (माध्यमिक शिक्षा),4202,,राजकीय इण्टर कालेज की स्थापना,24,वृहत् निर्माण कार्य,N,V,2018-2019,6135000,6135000.0,0,6135000.0,100.0,6135000.0,0.0
4202012010400,2800.0,MIRZAPUR,72.0,BHADOHI,71,शिक्षा विभाग (प्राथमिक शिक्षा),4202,,बेसिक शिक्षा परिषद द्वारा संचालित प्राथमिक एवं उच्च प्राथमिक विद्यालयों में अवस्थापना सुविधाओं का विकास,24,वृहत् निर्माण कार्य,N,V,2018-2019,9279000,9279000.0,0,9279000.0,100.0,9279000.0,0.0
4202012010400,1400.0,MORADABAD,92.0,SAMBHAL,71,शिक्षा विभाग (प्राथमिक शिक्षा),4202,,बेसिक शिक्षा परिषद द्वारा संचालित प्राथमिक एवं उच्च प्राथमिक विद्यालयों में अवस्थापना सुविधाओं का विकास,24,वृहत् निर्माण कार्य,N,V,2018-2019,15117000,0.0,0,0.0,0.0,0.0,0.0
4202012020400,1400.0,MORADABAD,92.0,SAMBHAL,72,शिक्षा विभाग (माध्यमिक शिक्षा),4202,,राजकीय उच्चतर माध्यमिक विद्यालयों की स्थापना,24,वृहत् निर्माण कार्य,N,V,2018-2019,17218000,17218000.0,0,17218000.0,100.0,17218000.0,0.0
4202012021300,1400.0,MORADABAD,17.0,RAMPUR,72,शिक्षा विभाग (माध्यमिक शिक्षा),4202,,राजकीय माध्यमिक विद्यालय (बालक/बालिका),25,लघु निर्माण कार्य,N,V,2018-2019,396800,396800.0,0,396800.0,100.0,396800.0,0.0
4202012010400,1400.0,MORADABAD,12.0,BIJNOR,71,शिक्षा विभाग (प्राथमिक शिक्षा),4202,,बेसिक शिक्षा परिषद द्वारा संचालित प्राथमिक एवं उच्च प्राथमिक विद्यालयों में अवस्थापना सुविधाओं का विकास,24,वृहत् निर्माण कार्य,N,V,2018-2019,24093000,19347000.0,0,19347000.0,80.3,19347000.0,4746000.0
4202012010400,1400.0,MORADABAD,17.0,RAMPUR,71,शिक्षा विभाग (प्राथमिक शिक्षा),4202,,बेसिक शिक्षा परिषद द्वारा संचालित प्राथमिक एवं उच्च प्राथमिक विद्यालयों में अवस्थापना सुविधाओं का विकास,24,वृहत् निर्माण कार्य,N,V,2018-2019,22773000,11823000.0,0,11823000.0,51.92,11823000.0,10950000.0
4202012021700,1400.0,MORADABAD,92.0,SAMBHAL,72,शिक्षा विभाग (माध्यमिक शिक्षा),4202,,राजकीय इण्टर कालेज की स्थापना,24,वृहत् निर्माण कार्य,N,V,2018-2019,6135000,6135000.0,0,6135000.0,100.0,6135000.0,0.0
4202012010400,1400.0,MORADABAD,86.0,J.P.NAGAR,71,शिक्षा विभाग (प्राथमिक शिक्षा),4202,,बेसिक शिक्षा परिषद द्वारा संचालित प्राथमिक एवं उच्च प्राथमिक विद्यालयों में अवस्थापना सुविधाओं का विकास,24,वृहत् निर्माण कार्य,N,V,2018-2019,4947000,567000.0,0,567000.0,11.46,567000.0,4380000.0
4202012033300,1400.0,MORADABAD,17.0,RAMPUR,73,शिक्षा विभाग (उच्च शिक्षा),4202,,राजकीय उपाधि महाविद्यालय,25,लघु निर्माण कार्य,N,V,2018-2019,600000,600000.0,0,600000.0,100.0,600000.0,0.0
4202012033300,1400.0,MORADABAD,92.0,SAMBHAL,73,शिक्षा विभाग (उच्च शिक्षा),4202,,राजकीय उपाधि महाविद्यालय,25,लघु निर्माण कार्य,N,V,2018-2019,100000,100000.0,0,100000.0,100.0,100000.0,0.0
4202012033300,1400.0,MORADABAD,86.0,J.P.NAGAR,73,शिक्षा विभाग (उच्च शिक्षा),4202,,राजकीय उपाधि महाविद्यालय,25,लघु निर्माण कार्य,N,V,2018-2019,100000,100000.0,0,100000.0,100.0,100000.0,0.0
4202012010400,1400.0,MORADABAD,14.0,MORADABAD,71,शिक्षा विभाग (प्राथमिक शिक्षा),4202,,बेसिक शिक्षा परिषद द्वारा संचालित प्राथमिक एवं उच्च प्राथमिक विद्यालयों में अवस्थापना सुविधाओं का विकास,24,वृहत् निर्माण कार्य,N,V,2018-2019,14974500,13714500.0,0,13714500.0,91.59,13714500.0,1260000.0
4202012021700,200.0,SAHARANPUR,91.0,SHAMLI,72,शिक्षा विभाग (माध्यमिक शिक्षा),4202,,राजकीय इण्टर कालेज की स्थापना,24,वृहत् निर्माण कार्य,N,V,2018-2019,6135000,6135000.0,0,6135000.0,100.0,6135000.0,0.0
4202012020500,200.0,SAHARANPUR,2.0,SAHARANPUR,72,शिक्षा विभाग (माध्यमिक शिक्षा),4202,,"राजकीय उ.मा.विद्यालयों का भवन निर्माण, विस्तार, विद्युतीकरण एवं भूमि/भवन क्रय (जिला योजना)",24,वृहत् निर्माण कार्य,N,V,2018-2019,7121000,7121000.0,0,7121000.0,100.0,7121000.0,0.0
4202012020400,200.0,SAHARANPUR,91.0,SHAMLI,72,शिक्षा विभाग (माध्यमिक शिक्षा),4202,,राजकीय उच्चतर माध्यमिक विद्यालयों की स्थापना,24,वृहत् निर्माण कार्य,N,V,2018-2019,10328000,10328000.0,0,10328000.0,100.0,10328000.0,0.0
4202012020600,200.0,SAHARANPUR,91.0,SHAMLI,72,शिक्षा विभाग (माध्यमिक शिक्षा),4202,,जिला स्तर पर शिक्षा कार्यालय तथा आवासीय भवनों का निर्माण (जिला योजना),24,वृहत् निर्माण कार्य,N,V,2018-2019,6000000,6000000.0,0,6000000.0,100.0,6000000.0,0.0
4202012021700,200.0,SAHARANPUR,3.0,MUZAFFARNAGAR,72,शिक्षा विभाग (माध्यमिक शिक्षा),4202,,राजकीय इण्टर कालेज की स्थापना,24,वृहत् निर्माण कार्य,N,V,2018-2019,6135000,6135000.0,0,6135000.0,100.0,6135000.0,0.0
4202012010400,200.0,SAHARANPUR,2.0,SAHARANPUR,71,शिक्षा विभाग (प्राथमिक शिक्षा),4202,,बेसिक शिक्षा परिषद द्वारा संचालित प्राथमिक एवं उच्च प्राथमिक विद्यालयों में अवस्थापना सुविधाओं का विकास,24,वृहत् निर्माण कार्य,N,V,2018-2019,12607500,9870000.0,0,9870000.0,78.29,9870000.0,2737500.0
4202012010400,200.0,SAHARANPUR,91.0,SHAMLI,71,शिक्षा विभाग (प्राथमिक शिक्षा),4202,,बेसिक शिक्षा परिषद द्वारा संचालित प्राथमिक एवं उच्च प्राथमिक विद्यालयों में अवस्थापना सुविधाओं का विकास,24,वृहत् निर्माण कार्य,N,V,2018-2019,3262500,3262500.0,0,3262500.0,100.0,3262500.0,0.0
4202012033300,200.0,SAHARANPUR,2.0,SAHARANPUR,73,शिक्षा विभाग (उच्च शिक्षा),4202,,राजकीय उपाधि महाविद्यालय,25,लघु निर्माण कार्य,N,V,2018-2019,200000,195322.0,0,195322.0,97.66,195322.0,4678.0
4202012010400,200.0,SAHARANPUR,3.0,MUZAFFARNAGAR,71,शिक्षा विभाग (प्राथमिक शिक्षा),4202,,बेसिक शिक्षा परिषद द्वारा संचालित प्राथमिक एवं उच्च प्राथमिक विद्यालयों में अवस्थापना सुविधाओं का विकास,24,वृहत् निर्माण कार्य,N,V,2018-2019,7380000,2340000.0,0,2340000.0,31.71,2340000.0,5040000.0
4202012010900,2700.0,VARANASI,27.0,VARANASI,71,शिक्षा विभाग (प्राथमिक शिक्षा),4202,,मध्याह्न भोजन हेतु किचेन निर्माण,24,वृहत् निर्माण कार्य,N,V,2018-2019,25000000,25000000.0,0,25000000.0,100.0,25000000.0,0.0
4202012010400,2700.0,VARANASI,30.0,GHAZIPUR,71,शिक्षा विभाग (प्राथमिक शिक्षा),4202,,बेसिक शिक्षा परिषद द्वारा संचालित प्राथमिक एवं उच्च प्राथमिक विद्यालयों में अवस्थापना सुविधाओं का विकास,24,वृहत् निर्माण कार्य,N,V,2018-2019,60736500,60736500.0,0,60736500.0,100.0,60736500.0,0.0
4202012010400,2700.0,VARANASI,77.0,CHANDAULI,71,शिक्षा विभाग (प्राथमिक शिक्षा),4202,,बेसिक शिक्षा परिषद द्वारा संचालित प्राथमिक एवं उच्च प्राथमिक विद्यालयों में अवस्थापना सुविधाओं का विकास,24,वृहत् निर्माण कार्य,N,V,2018-2019,18027000,7077000.0,0,7077000.0,39.26,7077000.0,10950000.0
4202012021700,2700.0,VARANASI,77.0,CHANDAULI,72,शिक्षा विभाग (माध्यमिक शिक्षा),4202,,राजकीय इण्टर कालेज की स्थापना,24,वृहत् निर्माण कार्य,N,V,2018-2019,6135000,6135000.0,0,6135000.0,100.0,6135000.0,0.0
4202012021700,2700.0,VARANASI,29.0,JAUNPUR,72,शिक्षा विभाग (माध्यमिक शिक्षा),4202,,राजकीय इण्टर कालेज की स्थापना,24,वृहत् निर्माण कार्य,N,V,2018-2019,6135000,6135000.0,0,6135000.0,100.0,6135000.0,0.0
4202012031100,2700.0,VARANASI,27.0,VARANASI,73,शिक्षा विभाग (उच्च शिक्षा),4202,,"सम्पूर्णानन्द संस्कृत विश्वविद्यालय, वाराणसी",24,वृहत् निर्माण कार्य,N,V,2018-2019,4501000,4501000.0,0,4501000.0,100.0,4501000.0,0.0
4202012021500,2700.0,VARANASI,27.0,VARANASI,72,शिक्षा विभाग (माध्यमिक शिक्षा),4202,,केन्द्रीय राज्य पुस्तकालय,25,लघु निर्माण कार्य,N,V,2018-2019,210000,0.0,0,0.0,0.0,0.0,0.0
4202012033300,2700.0,VARANASI,30.0,GHAZIPUR,73,शिक्षा विभाग (उच्च शिक्षा),4202,,राजकीय उपाधि महाविद्यालय,25,लघु निर्माण कार्य,N,V,2018-2019,400000,399950.0,0,399950.0,99.99,399950.0,50.0
4202012033300,2700.0,VARANASI,27.0,VARANASI,73,शिक्षा विभाग (उच्च शिक्षा),4202,,राजकीय उपाधि महाविद्यालय,25,लघु निर्माण कार्य,N,V,2018-2019,1000000,999790.0,0,999790.0,99.98,999790.0,210.0
4202012033300,2700.0,VARANASI,77.0,CHANDAULI,73,शिक्षा विभाग (उच्च शिक्षा),4202,,राजकीय उपाधि महाविद्यालय,25,लघु निर्माण कार्य,N,V,2018-2019,400000,399969.0,0,399969.0,99.99,399969.0,31.0
4202012010400,2700.0,VARANASI,27.0,VARANASI,71,शिक्षा विभाग (प्राथमिक शिक्षा),4202,,बेसिक शिक्षा परिषद द्वारा संचालित प्राथमिक एवं उच्च प्राथमिक विद्यालयों में अवस्थापना सुविधाओं का विकास,24,वृहत् निर्माण कार्य,N,V,2018-2019,7777500,4984500.0,0,4984500.0,64.09,4984500.0,2793000.0
4202012031900,2700.0,VARANASI,27.0,VARANASI,73,शिक्षा विभाग (उच्च शिक्षा),4202,,राज्य विश्वविद्यालयों में आधारभूत सुविधाओं का विस्तार,24,वृहत् निर्माण कार्य,N,V,2018-2019,7118000,7118000.0,0,7118000.0,100.0,7118000.0,0.0
4202012010400,2700.0,VARANASI,29.0,JAUNPUR,71,शिक्षा विभाग (प्राथमिक शिक्षा),4202,,बेसिक शिक्षा परिषद द्वारा संचालित प्राथमिक एवं उच्च प्राथमिक विद्यालयों में अवस्थापना सुविधाओं का विकास,24,वृहत् निर्माण कार्य,N,V,2018-2019,46605000,28980000.0,0,28980000.0,62.18,28980000.0,17625000.0
